condition,policy_label,delta_name,ref_policy,paired_n,paired_df,paired_mean,paired_sd,paired_se,paired_ci95_low,paired_ci95_high,paired_zero_status,paired_t_crit,ref_mean_cost,practical_band_abs,ci_within_1pct_practical_band,mean_cost
ORACLE,B_topk_probability,vs_d1_oracle,D1_oracle,20,19,77954.3205,9486.918746113663,2121.3395213327217,73514.30585428371,82394.3351457163,excludes_0_positive,2.093024054408263,577820.8940000001,5778.208940000001,False,655775.2145
ORACLE,B_topk_probability,vs_C,C_expected_exposure,20,19,72504.51000000001,9826.294665816431,2197.226283970912,67905.66253467082,77103.3574653292,excludes_0_positive,2.093024054408263,583270.7045,5832.707045,False,655775.2145
ORACLE,C_expected_exposure,vs_d1_oracle,D1_oracle,20,19,5449.810499999992,2586.76840745456,578.419000111727,4239.165619239372,6660.455380760613,excludes_0_positive,2.093024054408263,577820.8940000001,5778.208940000001,False,583270.7045
ORACLE,C_expected_exposure,vs_B,B_topk_probability,20,19,-72504.51000000001,9826.294665816431,2197.226283970912,-77103.3574653292,-67905.66253467082,excludes_0_negative,2.093024054408263,655775.2145,6557.752145,False,583270.7045
ORACLE,D1_oracle,vs_B,B_topk_probability,20,19,-77954.3205,9486.918746113663,2121.3395213327217,-82394.3351457163,-73514.30585428371,excludes_0_negative,2.093024054408263,655775.2145,6557.752145,False,577820.8940000001
ORACLE,D1_oracle,vs_C,C_expected_exposure,20,19,-5449.810499999992,2586.76840745456,578.419000111727,-6660.455380760613,-4239.165619239372,excludes_0_negative,2.093024054408263,583270.7045,5832.707045,False,577820.8940000001
ORACLE,D2_oracle,vs_d1_oracle,D1_oracle,20,19,-1926.8000000000116,1928.5502234798505,431.23693977233563,-2829.3892880929175,-1024.2107119071056,excludes_0_negative,2.093024054408263,577820.8940000001,5778.208940000001,True,575894.0939999999
ORACLE,D2_oracle,vs_B,B_topk_probability,20,19,-79881.1205,9320.67747429534,2084.1668428875428,-84243.33183556376,-75518.90916443625,excludes_0_negative,2.093024054408263,655775.2145,6557.752145,False,575894.0939999999
ORACLE,D2_oracle,vs_C,C_expected_exposure,20,19,-7376.610500000004,3006.5568287319174,672.286544726076,-8783.722409566697,-5969.498590433311,excludes_0_negative,2.093024054408263,583270.7045,5832.707045,False,575894.0939999999
ORACLE,D1_estimated,vs_d1_oracle,D1_oracle,20,19,0.0,0.0,0.0,0.0,0.0,includes_0,2.093024054408263,577820.8940000001,5778.208940000001,True,577820.8940000001
ORACLE,D1_estimated,vs_B,B_topk_probability,20,19,-77954.3205,9486.918746113663,2121.3395213327217,-82394.3351457163,-73514.30585428371,excludes_0_negative,2.093024054408263,655775.2145,6557.752145,False,577820.8940000001
ORACLE,D1_estimated,vs_C,C_expected_exposure,20,19,-5449.810499999992,2586.76840745456,578.419000111727,-6660.455380760613,-4239.165619239372,excludes_0_negative,2.093024054408263,583270.7045,5832.707045,False,577820.8940000001
ORACLE,D2_estimated,vs_d1_oracle,D1_oracle,20,19,-1926.8000000000116,1928.5502234798505,431.23693977233563,-2829.3892880929175,-1024.2107119071056,excludes_0_negative,2.093024054408263,577820.8940000001,5778.208940000001,True,575894.0939999999
ORACLE,D2_estimated,vs_B,B_topk_probability,20,19,-79881.1205,9320.67747429534,2084.1668428875428,-84243.33183556376,-75518.90916443625,excludes_0_negative,2.093024054408263,655775.2145,6557.752145,False,575894.0939999999
ORACLE,D2_estimated,vs_C,C_expected_exposure,20,19,-7376.610500000004,3006.5568287319174,672.286544726076,-8783.722409566697,-5969.498590433311,excludes_0_negative,2.093024054408263,583270.7045,5832.707045,False,575894.0939999999
VALUE_NOISE_LOW,B_topk_probability,vs_d1_oracle,D1_oracle,20,19,77954.3205,9486.918746113663,2121.3395213327217,73514.30585428371,82394.3351457163,excludes_0_positive,2.093024054408263,577820.8940000001,5778.208940000001,False,655775.2145
VALUE_NOISE_LOW,B_topk_probability,vs_C,C_expected_exposure,20,19,72504.51000000001,9826.294665816431,2197.226283970912,67905.66253467082,77103.3574653292,excludes_0_positive,2.093024054408263,583270.7045,5832.707045,False,655775.2145
VALUE_NOISE_LOW,C_expected_exposure,vs_d1_oracle,D1_oracle,20,19,5449.810499999992,2586.76840745456,578.419000111727,4239.165619239372,6660.455380760613,excludes_0_positive,2.093024054408263,577820.8940000001,5778.208940000001,False,583270.7045
VALUE_NOISE_LOW,C_expected_exposure,vs_B,B_topk_probability,20,19,-72504.51000000001,9826.294665816431,2197.226283970912,-77103.3574653292,-67905.66253467082,excludes_0_negative,2.093024054408263,655775.2145,6557.752145,False,583270.7045
VALUE_NOISE_LOW,D1_oracle,vs_B,B_topk_probability,20,19,-77954.3205,9486.918746113663,2121.3395213327217,-82394.3351457163,-73514.30585428371,excludes_0_negative,2.093024054408263,655775.2145,6557.752145,False,577820.8940000001
VALUE_NOISE_LOW,D1_oracle,vs_C,C_expected_exposure,20,19,-5449.810499999992,2586.76840745456,578.419000111727,-6660.455380760613,-4239.165619239372,excludes_0_negative,2.093024054408263,583270.7045,5832.707045,False,577820.8940000001
VALUE_NOISE_LOW,D2_oracle,vs_d1_oracle,D1_oracle,20,19,-1926.8000000000116,1928.5502234798505,431.23693977233563,-2829.3892880929175,-1024.2107119071056,excludes_0_negative,2.093024054408263,577820.8940000001,5778.208940000001,True,575894.0939999999
VALUE_NOISE_LOW,D2_oracle,vs_B,B_topk_probability,20,19,-79881.1205,9320.67747429534,2084.1668428875428,-84243.33183556376,-75518.90916443625,excludes_0_negative,2.093024054408263,655775.2145,6557.752145,False,575894.0939999999
VALUE_NOISE_LOW,D2_oracle,vs_C,C_expected_exposure,20,19,-7376.610500000004,3006.5568287319174,672.286544726076,-8783.722409566697,-5969.498590433311,excludes_0_negative,2.093024054408263,583270.7045,5832.707045,False,575894.0939999999
VALUE_NOISE_LOW,D1_estimated,vs_d1_oracle,D1_oracle,20,19,1855.7429999999993,2863.437372177009,640.2840613501156,515.6130579399912,3195.8729420600075,excludes_0_positive,2.093024054408263,577820.8940000001,5778.208940000001,True,579676.637
VALUE_NOISE_LOW,D1_estimated,vs_B,B_topk_probability,20,19,-76098.5775,9002.1047050681,2012.9318061102967,-80311.69219007232,-71885.46280992767,excludes_0_negative,2.093024054408263,655775.2145,6557.752145,False,579676.637
VALUE_NOISE_LOW,D1_estimated,vs_C,C_expected_exposure,20,19,-3594.067499999993,2838.915516389805,634.8008077026522,-4922.720860279438,-2265.4141397205476,excludes_0_negative,2.093024054408263,583270.7045,5832.707045,True,579676.637
VALUE_NOISE_LOW,D2_estimated,vs_d1_oracle,D1_oracle,20,19,-417.61300000000045,1944.3096369449104,434.7608517516756,-1327.5779206312823,492.3519206312814,includes_0,2.093024054408263,577820.8940000001,5778.208940000001,True,577403.281
VALUE_NOISE_LOW,D2_estimated,vs_B,B_topk_probability,20,19,-78371.93350000001,8647.392163479271,1933.6156705638625,-82419.03761047094,-74324.82938952908,excludes_0_negative,2.093024054408263,655775.2145,6557.752145,False,577403.281
VALUE_NOISE_LOW,D2_estimated,vs_C,C_expected_exposure,20,19,-5867.423499999993,3346.505762451138,748.3014371935507,-7433.636407994369,-4301.2105920056165,excludes_0_negative,2.093024054408263,583270.7045,5832.707045,False,577403.281
VALUE_NOISE_HIGH,B_topk_probability,vs_d1_oracle,D1_oracle,20,19,77954.3205,9486.918746113663,2121.3395213327217,73514.30585428371,82394.3351457163,excludes_0_positive,2.093024054408263,577820.8940000001,5778.208940000001,False,655775.2145
VALUE_NOISE_HIGH,B_topk_probability,vs_C,C_expected_exposure,20,19,72504.51000000001,9826.294665816431,2197.226283970912,67905.66253467082,77103.3574653292,excludes_0_positive,2.093024054408263,583270.7045,5832.707045,False,655775.2145
VALUE_NOISE_HIGH,C_expected_exposure,vs_d1_oracle,D1_oracle,20,19,5449.810499999992,2586.76840745456,578.419000111727,4239.165619239372,6660.455380760613,excludes_0_positive,2.093024054408263,577820.8940000001,5778.208940000001,False,583270.7045
VALUE_NOISE_HIGH,C_expected_exposure,vs_B,B_topk_probability,20,19,-72504.51000000001,9826.294665816431,2197.226283970912,-77103.3574653292,-67905.66253467082,excludes_0_negative,2.093024054408263,655775.2145,6557.752145,False,583270.7045
VALUE_NOISE_HIGH,D1_oracle,vs_B,B_topk_probability,20,19,-77954.3205,9486.918746113663,2121.3395213327217,-82394.3351457163,-73514.30585428371,excludes_0_negative,2.093024054408263,655775.2145,6557.752145,False,577820.8940000001
VALUE_NOISE_HIGH,D1_oracle,vs_C,C_expected_exposure,20,19,-5449.810499999992,2586.76840745456,578.419000111727,-6660.455380760613,-4239.165619239372,excludes_0_negative,2.093024054408263,583270.7045,5832.707045,False,577820.8940000001
VALUE_NOISE_HIGH,D2_oracle,vs_d1_oracle,D1_oracle,20,19,-1926.8000000000116,1928.5502234798505,431.23693977233563,-2829.3892880929175,-1024.2107119071056,excludes_0_negative,2.093024054408263,577820.8940000001,5778.208940000001,True,575894.0939999999
VALUE_NOISE_HIGH,D2_oracle,vs_B,B_topk_probability,20,19,-79881.1205,9320.67747429534,2084.1668428875428,-84243.33183556376,-75518.90916443625,excludes_0_negative,2.093024054408263,655775.2145,6557.752145,False,575894.0939999999
VALUE_NOISE_HIGH,D2_oracle,vs_C,C_expected_exposure,20,19,-7376.610500000004,3006.5568287319174,672.286544726076,-8783.722409566697,-5969.498590433311,excludes_0_negative,2.093024054408263,583270.7045,5832.707045,False,575894.0939999999
VALUE_NOISE_HIGH,D1_estimated,vs_d1_oracle,D1_oracle,20,19,11291.292499999987,3588.7676736097046,802.4728473645077,9611.697527456581,12970.887472543393,excludes_0_positive,2.093024054408263,577820.8940000001,5778.208940000001,False,589112.1865000001
VALUE_NOISE_HIGH,D1_estimated,vs_B,B_topk_probability,20,19,-66663.028,8502.690899980838,1901.2594844026019,-70642.40983452651,-62683.64616547351,excludes_0_negative,2.093024054408263,655775.2145,6557.752145,False,589112.1865000001
VALUE_NOISE_HIGH,D1_estimated,vs_C,C_expected_exposure,20,19,5841.4819999999945,4348.60197198158,972.376961644045,3806.2736293265875,7876.690370673401,excludes_0_positive,2.093024054408263,583270.7045,5832.707045,False,589112.1865000001
VALUE_NOISE_HIGH,D2_estimated,vs_d1_oracle,D1_oracle,20,19,8155.854499999992,4241.888777215651,948.5151658847657,6170.589441832134,10141.119558167851,excludes_0_positive,2.093024054408263,577820.8940000001,5778.208940000001,False,585976.7485
VALUE_NOISE_HIGH,D2_estimated,vs_B,B_topk_probability,20,19,-69798.46599999999,8630.65769336899,1929.8737292904598,-73837.7381373755,-65759.19386262447,excludes_0_negative,2.093024054408263,655775.2145,6557.752145,False,585976.7485
VALUE_NOISE_HIGH,D2_estimated,vs_C,C_expected_exposure,20,19,2706.0440000000003,5056.16900999104,1130.5937612067778,339.6840620303028,5072.403937969698,excludes_0_positive,2.093024054408263,583270.7045,5832.707045,True,585976.7485
FP_COST_NOISE_LOW,B_topk_probability,vs_d1_oracle,D1_oracle,20,19,77954.3205,9486.918746113663,2121.3395213327217,73514.30585428371,82394.3351457163,excludes_0_positive,2.093024054408263,577820.8940000001,5778.208940000001,False,655775.2145
FP_COST_NOISE_LOW,B_topk_probability,vs_C,C_expected_exposure,20,19,72504.51000000001,9826.294665816431,2197.226283970912,67905.66253467082,77103.3574653292,excludes_0_positive,2.093024054408263,583270.7045,5832.707045,False,655775.2145
FP_COST_NOISE_LOW,C_expected_exposure,vs_d1_oracle,D1_oracle,20,19,5449.810499999992,2586.76840745456,578.419000111727,4239.165619239372,6660.455380760613,excludes_0_positive,2.093024054408263,577820.8940000001,5778.208940000001,False,583270.7045
FP_COST_NOISE_LOW,C_expected_exposure,vs_B,B_topk_probability,20,19,-72504.51000000001,9826.294665816431,2197.226283970912,-77103.3574653292,-67905.66253467082,excludes_0_negative,2.093024054408263,655775.2145,6557.752145,False,583270.7045
FP_COST_NOISE_LOW,D1_oracle,vs_B,B_topk_probability,20,19,-77954.3205,9486.918746113663,2121.3395213327217,-82394.3351457163,-73514.30585428371,excludes_0_negative,2.093024054408263,655775.2145,6557.752145,False,577820.8940000001
FP_COST_NOISE_LOW,D1_oracle,vs_C,C_expected_exposure,20,19,-5449.810499999992,2586.76840745456,578.419000111727,-6660.455380760613,-4239.165619239372,excludes_0_negative,2.093024054408263,583270.7045,5832.707045,False,577820.8940000001
FP_COST_NOISE_LOW,D2_oracle,vs_d1_oracle,D1_oracle,20,19,-1926.8000000000116,1928.5502234798505,431.23693977233563,-2829.3892880929175,-1024.2107119071056,excludes_0_negative,2.093024054408263,577820.8940000001,5778.208940000001,True,575894.0939999999
FP_COST_NOISE_LOW,D2_oracle,vs_B,B_topk_probability,20,19,-79881.1205,9320.67747429534,2084.1668428875428,-84243.33183556376,-75518.90916443625,excludes_0_negative,2.093024054408263,655775.2145,6557.752145,False,575894.0939999999
FP_COST_NOISE_LOW,D2_oracle,vs_C,C_expected_exposure,20,19,-7376.610500000004,3006.5568287319174,672.286544726076,-8783.722409566697,-5969.498590433311,excludes_0_negative,2.093024054408263,583270.7045,5832.707045,False,575894.0939999999
FP_COST_NOISE_LOW,D1_estimated,vs_d1_oracle,D1_oracle,20,19,1714.198499999987,1987.1820274217932,444.34740969809803,784.1686829878644,2644.2283170121095,excludes_0_positive,2.093024054408263,577820.8940000001,5778.208940000001,True,579535.0925
FP_COST_NOISE_LOW,D1_estimated,vs_B,B_topk_probability,20,19,-76240.122,9783.732257525387,2187.7090401484243,-80819.04964507707,-71661.19435492293,excludes_0_negative,2.093024054408263,655775.2145,6557.752145,False,579535.0925
FP_COST_NOISE_LOW,D1_estimated,vs_C,C_expected_exposure,20,19,-3735.6120000000055,3250.2389907652296,726.7755326471364,-5256.77067198584,-2214.4533280141713,excludes_0_negative,2.093024054408263,583270.7045,5832.707045,True,579535.0925
FP_COST_NOISE_LOW,D2_estimated,vs_d1_oracle,D1_oracle,20,19,-1253.2280000000028,2404.6003366958785,537.6849811570866,-2378.615599255839,-127.84040074416703,excludes_0_negative,2.093024054408263,577820.8940000001,5778.208940000001,True,576567.666
FP_COST_NOISE_LOW,D2_estimated,vs_B,B_topk_probability,20,19,-79207.54849999999,9210.952819681153,2059.631664235042,-83518.40711646486,-74896.68988353512,excludes_0_negative,2.093024054408263,655775.2145,6557.752145,False,576567.666
FP_COST_NOISE_LOW,D2_estimated,vs_C,C_expected_exposure,20,19,-6703.038499999995,3158.376285142466,706.2344072101812,-8181.204102341665,-5224.872897658325,excludes_0_negative,2.093024054408263,583270.7045,5832.707045,False,576567.666
FP_COST_NOISE_HIGH,B_topk_probability,vs_d1_oracle,D1_oracle,20,19,77954.3205,9486.918746113663,2121.3395213327217,73514.30585428371,82394.3351457163,excludes_0_positive,2.093024054408263,577820.8940000001,5778.208940000001,False,655775.2145
FP_COST_NOISE_HIGH,B_topk_probability,vs_C,C_expected_exposure,20,19,72504.51000000001,9826.294665816431,2197.226283970912,67905.66253467082,77103.3574653292,excludes_0_positive,2.093024054408263,583270.7045,5832.707045,False,655775.2145
FP_COST_NOISE_HIGH,C_expected_exposure,vs_d1_oracle,D1_oracle,20,19,5449.810499999992,2586.76840745456,578.419000111727,4239.165619239372,6660.455380760613,excludes_0_positive,2.093024054408263,577820.8940000001,5778.208940000001,False,583270.7045
FP_COST_NOISE_HIGH,C_expected_exposure,vs_B,B_topk_probability,20,19,-72504.51000000001,9826.294665816431,2197.226283970912,-77103.3574653292,-67905.66253467082,excludes_0_negative,2.093024054408263,655775.2145,6557.752145,False,583270.7045
FP_COST_NOISE_HIGH,D1_oracle,vs_B,B_topk_probability,20,19,-77954.3205,9486.918746113663,2121.3395213327217,-82394.3351457163,-73514.30585428371,excludes_0_negative,2.093024054408263,655775.2145,6557.752145,False,577820.8940000001
FP_COST_NOISE_HIGH,D1_oracle,vs_C,C_expected_exposure,20,19,-5449.810499999992,2586.76840745456,578.419000111727,-6660.455380760613,-4239.165619239372,excludes_0_negative,2.093024054408263,583270.7045,5832.707045,False,577820.8940000001
FP_COST_NOISE_HIGH,D2_oracle,vs_d1_oracle,D1_oracle,20,19,-1926.8000000000116,1928.5502234798505,431.23693977233563,-2829.3892880929175,-1024.2107119071056,excludes_0_negative,2.093024054408263,577820.8940000001,5778.208940000001,True,575894.0939999999
FP_COST_NOISE_HIGH,D2_oracle,vs_B,B_topk_probability,20,19,-79881.1205,9320.67747429534,2084.1668428875428,-84243.33183556376,-75518.90916443625,excludes_0_negative,2.093024054408263,655775.2145,6557.752145,False,575894.0939999999
FP_COST_NOISE_HIGH,D2_oracle,vs_C,C_expected_exposure,20,19,-7376.610500000004,3006.5568287319174,672.286544726076,-8783.722409566697,-5969.498590433311,excludes_0_negative,2.093024054408263,583270.7045,5832.707045,False,575894.0939999999
FP_COST_NOISE_HIGH,D1_estimated,vs_d1_oracle,D1_oracle,20,19,5602.277499999985,2703.4626514525044,604.512626327962,4337.0180319020465,6867.536968097923,excludes_0_positive,2.093024054408263,577820.8940000001,5778.208940000001,False,583423.1714999999
FP_COST_NOISE_HIGH,D1_estimated,vs_B,B_topk_probability,20,19,-72352.043,10077.652414489403,2253.431585241319,-77068.52951287343,-67635.55648712658,excludes_0_negative,2.093024054408263,655775.2145,6557.752145,False,583423.1714999999
FP_COST_NOISE_HIGH,D1_estimated,vs_C,C_expected_exposure,20,19,152.46699999999254,3199.50932482188,715.4320344946178,-1344.9494574914847,1649.88345749147,includes_0,2.093024054408263,583270.7045,5832.707045,True,583423.1714999999
FP_COST_NOISE_HIGH,D2_estimated,vs_d1_oracle,D1_oracle,20,19,1341.7969999999855,3392.9766829377036,758.6926509120456,-246.16496826169714,2929.758968261668,includes_0,2.093024054408263,577820.8940000001,5778.208940000001,True,579162.691
FP_COST_NOISE_HIGH,D2_estimated,vs_B,B_topk_probability,20,19,-76612.52350000001,9655.456547083819,2159.0257193074817,-81131.41626459667,-72093.63073540335,excludes_0_negative,2.093024054408263,655775.2145,6557.752145,False,579162.691
FP_COST_NOISE_HIGH,D2_estimated,vs_C,C_expected_exposure,20,19,-4108.013500000006,3827.423973986292,855.8380184545736,-5899.303059302531,-2316.7239406974813,excludes_0_negative,2.093024054408263,583270.7045,5832.707045,False,579162.691
REVIEW_EFFECTIVENESS_OPTIMISM,B_topk_probability,vs_d1_oracle,D1_oracle,20,19,77954.3205,9486.918746113663,2121.3395213327217,73514.30585428371,82394.3351457163,excludes_0_positive,2.093024054408263,577820.8940000001,5778.208940000001,False,655775.2145
REVIEW_EFFECTIVENESS_OPTIMISM,B_topk_probability,vs_C,C_expected_exposure,20,19,72504.51000000001,9826.294665816431,2197.226283970912,67905.66253467082,77103.3574653292,excludes_0_positive,2.093024054408263,583270.7045,5832.707045,False,655775.2145
REVIEW_EFFECTIVENESS_OPTIMISM,C_expected_exposure,vs_d1_oracle,D1_oracle,20,19,5449.810499999992,2586.76840745456,578.419000111727,4239.165619239372,6660.455380760613,excludes_0_positive,2.093024054408263,577820.8940000001,5778.208940000001,False,583270.7045
REVIEW_EFFECTIVENESS_OPTIMISM,C_expected_exposure,vs_B,B_topk_probability,20,19,-72504.51000000001,9826.294665816431,2197.226283970912,-77103.3574653292,-67905.66253467082,excludes_0_negative,2.093024054408263,655775.2145,6557.752145,False,583270.7045
REVIEW_EFFECTIVENESS_OPTIMISM,D1_oracle,vs_B,B_topk_probability,20,19,-77954.3205,9486.918746113663,2121.3395213327217,-82394.3351457163,-73514.30585428371,excludes_0_negative,2.093024054408263,655775.2145,6557.752145,False,577820.8940000001
REVIEW_EFFECTIVENESS_OPTIMISM,D1_oracle,vs_C,C_expected_exposure,20,19,-5449.810499999992,2586.76840745456,578.419000111727,-6660.455380760613,-4239.165619239372,excludes_0_negative,2.093024054408263,583270.7045,5832.707045,False,577820.8940000001
REVIEW_EFFECTIVENESS_OPTIMISM,D2_oracle,vs_d1_oracle,D1_oracle,20,19,-1926.8000000000116,1928.5502234798505,431.23693977233563,-2829.3892880929175,-1024.2107119071056,excludes_0_negative,2.093024054408263,577820.8940000001,5778.208940000001,True,575894.0939999999
REVIEW_EFFECTIVENESS_OPTIMISM,D2_oracle,vs_B,B_topk_probability,20,19,-79881.1205,9320.67747429534,2084.1668428875428,-84243.33183556376,-75518.90916443625,excludes_0_negative,2.093024054408263,655775.2145,6557.752145,False,575894.0939999999
REVIEW_EFFECTIVENESS_OPTIMISM,D2_oracle,vs_C,C_expected_exposure,20,19,-7376.610500000004,3006.5568287319174,672.286544726076,-8783.722409566697,-5969.498590433311,excludes_0_negative,2.093024054408263,583270.7045,5832.707045,False,575894.0939999999
REVIEW_EFFECTIVENESS_OPTIMISM,D1_estimated,vs_d1_oracle,D1_oracle,20,19,366.12399999999906,1425.2296192447927,318.69103121774987,-300.9039942629261,1033.1519942629243,includes_0,2.093024054408263,577820.8940000001,5778.208940000001,True,578187.0179999999
REVIEW_EFFECTIVENESS_OPTIMISM,D1_estimated,vs_B,B_topk_probability,20,19,-77588.1965,9230.381501404267,2063.976049539651,-81908.14801940904,-73268.24498059097,excludes_0_negative,2.093024054408263,655775.2145,6557.752145,False,578187.0179999999
REVIEW_EFFECTIVENESS_OPTIMISM,D1_estimated,vs_C,C_expected_exposure,20,19,-5083.686499999993,2591.049667336167,579.3763189241886,-6296.335072062833,-3871.0379279371537,excludes_0_negative,2.093024054408263,583270.7045,5832.707045,False,578187.0179999999
REVIEW_EFFECTIVENESS_OPTIMISM,D2_estimated,vs_d1_oracle,D1_oracle,20,19,319.1099999999918,1401.6979742966826,313.4291954451135,-336.90484542045954,975.1248454204432,includes_0,2.093024054408263,577820.8940000001,5778.208940000001,True,578140.0039999998
REVIEW_EFFECTIVENESS_OPTIMISM,D2_estimated,vs_B,B_topk_probability,20,19,-77635.2105,9149.079633390491,2045.796399181999,-81917.11157390973,-73353.30942609027,excludes_0_negative,2.093024054408263,655775.2145,6557.752145,False,578140.0039999998
REVIEW_EFFECTIVENESS_OPTIMISM,D2_estimated,vs_C,C_expected_exposure,20,19,-5130.700500000001,2686.1759444264962,600.6472011262342,-6387.869540170207,-3873.5314598297946,excludes_0_negative,2.093024054408263,583270.7045,5832.707045,False,578140.0039999998
REVIEW_EFFECTIVENESS_PESSIMISM,B_topk_probability,vs_d1_oracle,D1_oracle,20,19,77954.3205,9486.918746113663,2121.3395213327217,73514.30585428371,82394.3351457163,excludes_0_positive,2.093024054408263,577820.8940000001,5778.208940000001,False,655775.2145
REVIEW_EFFECTIVENESS_PESSIMISM,B_topk_probability,vs_C,C_expected_exposure,20,19,72504.51000000001,9826.294665816431,2197.226283970912,67905.66253467082,77103.3574653292,excludes_0_positive,2.093024054408263,583270.7045,5832.707045,False,655775.2145
REVIEW_EFFECTIVENESS_PESSIMISM,C_expected_exposure,vs_d1_oracle,D1_oracle,20,19,5449.810499999992,2586.76840745456,578.419000111727,4239.165619239372,6660.455380760613,excludes_0_positive,2.093024054408263,577820.8940000001,5778.208940000001,False,583270.7045
REVIEW_EFFECTIVENESS_PESSIMISM,C_expected_exposure,vs_B,B_topk_probability,20,19,-72504.51000000001,9826.294665816431,2197.226283970912,-77103.3574653292,-67905.66253467082,excludes_0_negative,2.093024054408263,655775.2145,6557.752145,False,583270.7045
REVIEW_EFFECTIVENESS_PESSIMISM,D1_oracle,vs_B,B_topk_probability,20,19,-77954.3205,9486.918746113663,2121.3395213327217,-82394.3351457163,-73514.30585428371,excludes_0_negative,2.093024054408263,655775.2145,6557.752145,False,577820.8940000001
REVIEW_EFFECTIVENESS_PESSIMISM,D1_oracle,vs_C,C_expected_exposure,20,19,-5449.810499999992,2586.76840745456,578.419000111727,-6660.455380760613,-4239.165619239372,excludes_0_negative,2.093024054408263,583270.7045,5832.707045,False,577820.8940000001
REVIEW_EFFECTIVENESS_PESSIMISM,D2_oracle,vs_d1_oracle,D1_oracle,20,19,-1926.8000000000116,1928.5502234798505,431.23693977233563,-2829.3892880929175,-1024.2107119071056,excludes_0_negative,2.093024054408263,577820.8940000001,5778.208940000001,True,575894.0939999999
REVIEW_EFFECTIVENESS_PESSIMISM,D2_oracle,vs_B,B_topk_probability,20,19,-79881.1205,9320.67747429534,2084.1668428875428,-84243.33183556376,-75518.90916443625,excludes_0_negative,2.093024054408263,655775.2145,6557.752145,False,575894.0939999999
REVIEW_EFFECTIVENESS_PESSIMISM,D2_oracle,vs_C,C_expected_exposure,20,19,-7376.610500000004,3006.5568287319174,672.286544726076,-8783.722409566697,-5969.498590433311,excludes_0_negative,2.093024054408263,583270.7045,5832.707045,False,575894.0939999999
REVIEW_EFFECTIVENESS_PESSIMISM,D1_estimated,vs_d1_oracle,D1_oracle,20,19,447.88799999999463,1601.2959858505324,358.06066764593317,-301.541590320426,1197.3175903204153,includes_0,2.093024054408263,577820.8940000001,5778.208940000001,True,578268.782
REVIEW_EFFECTIVENESS_PESSIMISM,D1_estimated,vs_B,B_topk_probability,20,19,-77506.4325,9697.870568899916,2168.509782905477,-82045.1756378408,-72967.68936215919,excludes_0_negative,2.093024054408263,655775.2145,6557.752145,False,578268.782
REVIEW_EFFECTIVENESS_PESSIMISM,D1_estimated,vs_C,C_expected_exposure,20,19,-5001.922499999998,2964.5547431148916,662.8945928624324,-6389.376828398241,-3614.468171601755,excludes_0_negative,2.093024054408263,583270.7045,5832.707045,False,578268.782
REVIEW_EFFECTIVENESS_PESSIMISM,D2_estimated,vs_d1_oracle,D1_oracle,20,19,1500.9774999999966,4376.8596981792825,978.6955813108087,-547.4558936266042,3549.4108936265975,includes_0,2.093024054408263,577820.8940000001,5778.208940000001,True,579321.8715
REVIEW_EFFECTIVENESS_PESSIMISM,D2_estimated,vs_B,B_topk_probability,20,19,-76453.343,8694.854167813164,1944.2284973677597,-80522.66001225675,-72384.02598774324,excludes_0_negative,2.093024054408263,655775.2145,6557.752145,False,579321.8715
REVIEW_EFFECTIVENESS_PESSIMISM,D2_estimated,vs_C,C_expected_exposure,20,19,-3948.832999999996,4296.999252994215,960.838242896088,-5959.890554776877,-1937.7754452231145,excludes_0_negative,2.093024054408263,583270.7045,5832.707045,False,579321.8715
JOINT_MODERATE_MISSPECIFICATION,B_topk_probability,vs_d1_oracle,D1_oracle,20,19,77954.3205,9486.918746113663,2121.3395213327217,73514.30585428371,82394.3351457163,excludes_0_positive,2.093024054408263,577820.8940000001,5778.208940000001,False,655775.2145
JOINT_MODERATE_MISSPECIFICATION,B_topk_probability,vs_C,C_expected_exposure,20,19,72504.51000000001,9826.294665816431,2197.226283970912,67905.66253467082,77103.3574653292,excludes_0_positive,2.093024054408263,583270.7045,5832.707045,False,655775.2145
JOINT_MODERATE_MISSPECIFICATION,C_expected_exposure,vs_d1_oracle,D1_oracle,20,19,5449.810499999992,2586.76840745456,578.419000111727,4239.165619239372,6660.455380760613,excludes_0_positive,2.093024054408263,577820.8940000001,5778.208940000001,False,583270.7045
JOINT_MODERATE_MISSPECIFICATION,C_expected_exposure,vs_B,B_topk_probability,20,19,-72504.51000000001,9826.294665816431,2197.226283970912,-77103.3574653292,-67905.66253467082,excludes_0_negative,2.093024054408263,655775.2145,6557.752145,False,583270.7045
JOINT_MODERATE_MISSPECIFICATION,D1_oracle,vs_B,B_topk_probability,20,19,-77954.3205,9486.918746113663,2121.3395213327217,-82394.3351457163,-73514.30585428371,excludes_0_negative,2.093024054408263,655775.2145,6557.752145,False,577820.8940000001
JOINT_MODERATE_MISSPECIFICATION,D1_oracle,vs_C,C_expected_exposure,20,19,-5449.810499999992,2586.76840745456,578.419000111727,-6660.455380760613,-4239.165619239372,excludes_0_negative,2.093024054408263,583270.7045,5832.707045,False,577820.8940000001
JOINT_MODERATE_MISSPECIFICATION,D2_oracle,vs_d1_oracle,D1_oracle,20,19,-1926.8000000000116,1928.5502234798505,431.23693977233563,-2829.3892880929175,-1024.2107119071056,excludes_0_negative,2.093024054408263,577820.8940000001,5778.208940000001,True,575894.0939999999
JOINT_MODERATE_MISSPECIFICATION,D2_oracle,vs_B,B_topk_probability,20,19,-79881.1205,9320.67747429534,2084.1668428875428,-84243.33183556376,-75518.90916443625,excludes_0_negative,2.093024054408263,655775.2145,6557.752145,False,575894.0939999999
JOINT_MODERATE_MISSPECIFICATION,D2_oracle,vs_C,C_expected_exposure,20,19,-7376.610500000004,3006.5568287319174,672.286544726076,-8783.722409566697,-5969.498590433311,excludes_0_negative,2.093024054408263,583270.7045,5832.707045,False,575894.0939999999
JOINT_MODERATE_MISSPECIFICATION,D1_estimated,vs_d1_oracle,D1_oracle,20,19,6186.650999999995,2553.8286924844356,571.0534559284604,4991.422380388759,7381.879619611232,excludes_0_positive,2.093024054408263,577820.8940000001,5778.208940000001,False,584007.545
JOINT_MODERATE_MISSPECIFICATION,D1_estimated,vs_B,B_topk_probability,20,19,-71767.6695,9024.860853022366,2018.0202354834748,-75991.43439514954,-67543.90460485047,excludes_0_negative,2.093024054408263,655775.2145,6557.752145,False,584007.545
JOINT_MODERATE_MISSPECIFICATION,D1_estimated,vs_C,C_expected_exposure,20,19,736.8405000000027,3146.720808640531,703.6281634333334,-735.8701714250726,2209.551171425078,includes_0,2.093024054408263,583270.7045,5832.707045,True,584007.545
JOINT_MODERATE_MISSPECIFICATION,D2_estimated,vs_d1_oracle,D1_oracle,20,19,5132.223999999987,2235.1609247125925,499.7971768308646,4086.136486567648,6178.311513432327,excludes_0_positive,2.093024054408263,577820.8940000001,5778.208940000001,False,582953.118
JOINT_MODERATE_MISSPECIFICATION,D2_estimated,vs_B,B_topk_probability,20,19,-72822.09650000001,9022.687212704292,2017.5341947324898,-77044.84410016632,-68599.34889983371,excludes_0_negative,2.093024054408263,655775.2145,6557.752145,False,582953.118
JOINT_MODERATE_MISSPECIFICATION,D2_estimated,vs_C,C_expected_exposure,20,19,-317.5865000000049,3144.2691608306022,703.0799583173446,-1789.1497649305659,1153.976764930556,includes_0,2.093024054408263,583270.7045,5832.707045,True,582953.118
