condition,comparison,left_policy,right_policy,paired_n,paired_df,paired_mean,paired_sd,paired_se,paired_ci95_low,paired_ci95_high,paired_zero_status,paired_t_crit,paired_interval_method,left_mean_cost,right_mean_cost,relative_pct_of_right_mean,practical_band_abs,practical_class,practical_band_note
ORACLE,delta_C_est_minus_B,C_est,B_topk_probability,20,19,-72504.51000000001,9826.294665816431,2197.226283970912,-77103.3574653292,-67905.66253467082,excludes_0_negative,2.093024054408263,student_t_df_n_minus_1,583270.7045,655775.2145,-11.056305330978624,6557.752145,outside_1pct_practical_band,"1% is a project-defined practical threshold, not an industry standard"
ORACLE,delta_D1_est_minus_B,D1_est,B_topk_probability,20,19,-77954.3205,9486.918746113663,2121.3395213327217,-82394.3351457163,-73514.30585428371,excludes_0_negative,2.093024054408263,student_t_df_n_minus_1,577820.8940000001,655775.2145,-11.8873538944952,6557.752145,outside_1pct_practical_band,"1% is a project-defined practical threshold, not an industry standard"
ORACLE,delta_D2_est_minus_B,D2_est,B_topk_probability,20,19,-79881.1205,9320.67747429534,2084.1668428875428,-84243.33183556376,-75518.90916443625,excludes_0_negative,2.093024054408263,student_t_df_n_minus_1,575894.0939999999,655775.2145,-12.181174087359475,6557.752145,outside_1pct_practical_band,"1% is a project-defined practical threshold, not an industry standard"
ORACLE,delta_D1_est_minus_C_est,D1_est,C_est,20,19,-5449.810499999992,2586.76840745456,578.419000111727,-6660.455380760613,-4239.165619239372,excludes_0_negative,2.093024054408263,student_t_df_n_minus_1,577820.8940000001,583270.7045,-0.9343535442383927,5832.707045,mean_within_1pct_band_ci_not,"1% is a project-defined practical threshold, not an industry standard"
ORACLE,delta_D2_est_minus_C_est,D2_est,C_est,20,19,-7376.610500000004,3006.5568287319174,672.286544726076,-8783.722409566697,-5969.498590433311,excludes_0_negative,2.093024054408263,student_t_df_n_minus_1,575894.0939999999,583270.7045,-1.26469758262992,5832.707045,outside_1pct_practical_band,"1% is a project-defined practical threshold, not an industry standard"
ORACLE,delta_D2_est_minus_D1_est,D2_est,D1_est,20,19,-1926.8000000000116,1928.5502234798505,431.23693977233563,-2829.3892880929175,-1024.2107119071056,excludes_0_negative,2.093024054408263,student_t_df_n_minus_1,575894.0939999999,577820.8940000001,-0.3334597312086834,5778.208940000001,ci_within_1pct_practical_band,"1% is a project-defined practical threshold, not an industry standard"
ORACLE,estimation_penalty_C,C_est,C_oracle,20,19,0.0,0.0,0.0,0.0,0.0,includes_0,2.093024054408263,student_t_df_n_minus_1,583270.7045,583270.7045,0.0,5832.707045,ci_within_1pct_practical_band,"1% is a project-defined practical threshold, not an industry standard"
ORACLE,estimation_penalty_D1,D1_est,D1_oracle,20,19,0.0,0.0,0.0,0.0,0.0,includes_0,2.093024054408263,student_t_df_n_minus_1,577820.8940000001,577820.8940000001,0.0,5778.208940000001,ci_within_1pct_practical_band,"1% is a project-defined practical threshold, not an industry standard"
ORACLE,estimation_penalty_D2,D2_est,D2_oracle,20,19,0.0,0.0,0.0,0.0,0.0,includes_0,2.093024054408263,student_t_df_n_minus_1,575894.0939999999,575894.0939999999,0.0,5758.9409399999995,ci_within_1pct_practical_band,"1% is a project-defined practical threshold, not an industry standard"
ORACLE,delta_C_oracle_minus_D1_oracle,C_oracle,D1_oracle,20,19,5449.810499999992,2586.76840745456,578.419000111727,4239.165619239372,6660.455380760613,excludes_0_positive,2.093024054408263,student_t_df_n_minus_1,583270.7045,577820.8940000001,0.9431660496513634,5778.208940000001,mean_within_1pct_band_ci_not,"1% is a project-defined practical threshold, not an industry standard"
VALUE_NOISE_LOW,delta_C_est_minus_B,C_est,B_topk_probability,20,19,-69944.37299999999,9314.972434854886,2082.8911572872257,-74303.91429491642,-65584.83170508356,excludes_0_negative,2.093024054408263,student_t_df_n_minus_1,585830.8415,655775.2145,-10.66590677010102,6557.752145,outside_1pct_practical_band,"1% is a project-defined practical threshold, not an industry standard"
VALUE_NOISE_LOW,delta_D1_est_minus_B,D1_est,B_topk_probability,20,19,-76098.5775,9002.1047050681,2012.9318061102967,-80311.69219007232,-71885.46280992767,excludes_0_negative,2.093024054408263,student_t_df_n_minus_1,579676.637,655775.2145,-11.60436927431328,6557.752145,outside_1pct_practical_band,"1% is a project-defined practical threshold, not an industry standard"
VALUE_NOISE_LOW,delta_D2_est_minus_B,D2_est,B_topk_probability,20,19,-78371.93350000001,8647.392163479271,1933.6156705638625,-82419.03761047094,-74324.82938952908,excludes_0_negative,2.093024054408263,student_t_df_n_minus_1,577403.281,655775.2145,-11.95103623423084,6557.752145,outside_1pct_practical_band,"1% is a project-defined practical threshold, not an industry standard"
VALUE_NOISE_LOW,delta_D1_est_minus_C_est,D1_est,C_est,20,19,-6154.204500000004,2973.7266075953967,664.9454841083149,-7545.951393108855,-4762.457606891154,excludes_0_negative,2.093024054408263,student_t_df_n_minus_1,579676.637,585830.8415,-1.0505087926477843,5858.3084149999995,outside_1pct_practical_band,"1% is a project-defined practical threshold, not an industry standard"
VALUE_NOISE_LOW,delta_D2_est_minus_C_est,D2_est,C_est,20,19,-8427.560500000003,2924.2349779629285,653.8788192907707,-9796.144597443661,-7058.976402556346,excludes_0_negative,2.093024054408263,student_t_df_n_minus_1,577403.281,585830.8415,-1.4385655214774151,5858.3084149999995,outside_1pct_practical_band,"1% is a project-defined practical threshold, not an industry standard"
VALUE_NOISE_LOW,delta_D2_est_minus_D1_est,D2_est,D1_est,20,19,-2273.3559999999998,2438.5310130322455,545.2721110381526,-3414.6236446008265,-1132.088355399173,excludes_0_negative,2.093024054408263,student_t_df_n_minus_1,577403.281,579676.637,-0.3921765782670313,5796.76637,ci_within_1pct_practical_band,"1% is a project-defined practical threshold, not an industry standard"
VALUE_NOISE_LOW,estimation_penalty_C,C_est,C_oracle,20,19,2560.137000000011,2730.6701642292082,610.5964111347024,1282.1440239597216,3838.129976040301,excludes_0_positive,2.093024054408263,student_t_df_n_minus_1,585830.8415,583270.7045,0.4389277534853477,5832.707045,ci_within_1pct_practical_band,"1% is a project-defined practical threshold, not an industry standard"
VALUE_NOISE_LOW,estimation_penalty_D1,D1_est,D1_oracle,20,19,1855.7429999999993,2863.437372177009,640.2840613501156,515.6130579399912,3195.8729420600075,excludes_0_positive,2.093024054408263,student_t_df_n_minus_1,579676.637,577820.8940000001,0.3211623219703092,5778.208940000001,ci_within_1pct_practical_band,"1% is a project-defined practical threshold, not an industry standard"
VALUE_NOISE_LOW,estimation_penalty_D2,D2_est,D2_oracle,20,19,1509.1870000000113,2343.428416357223,524.006523937943,412.4287407310371,2605.9452592689854,excludes_0_positive,2.093024054408263,student_t_df_n_minus_1,577403.281,575894.0939999999,0.262059815463225,5758.9409399999995,ci_within_1pct_practical_band,"1% is a project-defined practical threshold, not an industry standard"
VALUE_NOISE_LOW,delta_C_oracle_minus_D1_oracle,C_oracle,D1_oracle,20,19,5449.810499999992,2586.76840745456,578.419000111727,4239.165619239372,6660.455380760613,excludes_0_positive,2.093024054408263,student_t_df_n_minus_1,583270.7045,577820.8940000001,0.9431660496513634,5778.208940000001,mean_within_1pct_band_ci_not,"1% is a project-defined practical threshold, not an industry standard"
VALUE_NOISE_HIGH,delta_C_est_minus_B,C_est,B_topk_probability,20,19,-58194.73049999999,9074.095927541537,2029.029532833688,-62441.53811932566,-53947.92288067432,excludes_0_negative,2.093024054408263,student_t_df_n_minus_1,597580.4839999999,655775.2145,-8.874188778905122,6557.752145,outside_1pct_practical_band,"1% is a project-defined practical threshold, not an industry standard"
VALUE_NOISE_HIGH,delta_D1_est_minus_B,D1_est,B_topk_probability,20,19,-66663.028,8502.690899980838,1901.2594844026019,-70642.40983452651,-62683.64616547351,excludes_0_negative,2.093024054408263,student_t_df_n_minus_1,589112.1865000001,655775.2145,-10.165530280193291,6557.752145,outside_1pct_practical_band,"1% is a project-defined practical threshold, not an industry standard"
VALUE_NOISE_HIGH,delta_D2_est_minus_B,D2_est,B_topk_probability,20,19,-69798.46599999999,8630.65769336899,1929.8737292904598,-73837.7381373755,-65759.19386262447,excludes_0_negative,2.093024054408263,student_t_df_n_minus_1,585976.7485,655775.2145,-10.643657225321984,6557.752145,outside_1pct_practical_band,"1% is a project-defined practical threshold, not an industry standard"
VALUE_NOISE_HIGH,delta_D1_est_minus_C_est,D1_est,C_est,20,19,-8468.29750000001,2509.9398515059333,561.2396127402994,-9642.985509752234,-7293.609490247785,excludes_0_negative,2.093024054408263,student_t_df_n_minus_1,589112.1865000001,597580.4839999999,-1.4170973997203045,5975.80484,outside_1pct_practical_band,"1% is a project-defined practical threshold, not an industry standard"
VALUE_NOISE_HIGH,delta_D2_est_minus_C_est,D2_est,C_est,20,19,-11603.735500000004,2697.838233405796,603.2549682193304,-12866.362659424354,-10341.108340575654,excludes_0_negative,2.093024054408263,student_t_df_n_minus_1,585976.7485,597580.4839999999,-1.94178622138537,5975.80484,outside_1pct_practical_band,"1% is a project-defined practical threshold, not an industry standard"
VALUE_NOISE_HIGH,delta_D2_est_minus_D1_est,D2_est,D1_est,20,19,-3135.4379999999946,1845.0071477613435,412.5561401367363,-3998.92792510001,-2271.9480748999795,excludes_0_negative,2.093024054408263,student_t_df_n_minus_1,585976.7485,589112.1865000001,-0.532231054093123,5891.121865000001,ci_within_1pct_practical_band,"1% is a project-defined practical threshold, not an industry standard"
VALUE_NOISE_HIGH,estimation_penalty_C,C_est,C_oracle,20,19,14309.779500000004,4075.283935152292,911.261190661337,12402.487908097111,16217.071091902897,excludes_0_positive,2.093024054408263,student_t_df_n_minus_1,597580.4839999999,583270.7045,2.4533684598932233,5832.707045,outside_1pct_practical_band,"1% is a project-defined practical threshold, not an industry standard"
VALUE_NOISE_HIGH,estimation_penalty_D1,D1_est,D1_oracle,20,19,11291.292499999987,3588.7676736097046,802.4728473645077,9611.697527456581,12970.887472543393,excludes_0_positive,2.093024054408263,student_t_df_n_minus_1,589112.1865000001,577820.8940000001,1.954116339032902,5778.208940000001,outside_1pct_practical_band,"1% is a project-defined practical threshold, not an industry standard"
VALUE_NOISE_HIGH,estimation_penalty_D2,D2_est,D2_oracle,20,19,10082.654500000004,4453.947860558473,995.93301844485,7998.142735815505,12167.166264184503,excludes_0_positive,2.093024054408263,student_t_df_n_minus_1,585976.7485,575894.0939999999,1.7507827576366854,5758.9409399999995,outside_1pct_practical_band,"1% is a project-defined practical threshold, not an industry standard"
VALUE_NOISE_HIGH,delta_C_oracle_minus_D1_oracle,C_oracle,D1_oracle,20,19,5449.810499999992,2586.76840745456,578.419000111727,4239.165619239372,6660.455380760613,excludes_0_positive,2.093024054408263,student_t_df_n_minus_1,583270.7045,577820.8940000001,0.9431660496513634,5778.208940000001,mean_within_1pct_band_ci_not,"1% is a project-defined practical threshold, not an industry standard"
FP_COST_NOISE_LOW,delta_C_est_minus_B,C_est,B_topk_probability,20,19,-72504.51000000001,9826.294665816431,2197.226283970912,-77103.3574653292,-67905.66253467082,excludes_0_negative,2.093024054408263,student_t_df_n_minus_1,583270.7045,655775.2145,-11.056305330978624,6557.752145,outside_1pct_practical_band,"1% is a project-defined practical threshold, not an industry standard"
FP_COST_NOISE_LOW,delta_D1_est_minus_B,D1_est,B_topk_probability,20,19,-76240.122,9783.732257525387,2187.7090401484243,-80819.04964507707,-71661.19435492293,excludes_0_negative,2.093024054408263,student_t_df_n_minus_1,579535.0925,655775.2145,-11.625953575895632,6557.752145,outside_1pct_practical_band,"1% is a project-defined practical threshold, not an industry standard"
FP_COST_NOISE_LOW,delta_D2_est_minus_B,D2_est,B_topk_probability,20,19,-79207.54849999999,9210.952819681153,2059.631664235042,-83518.40711646486,-74896.68988353512,excludes_0_negative,2.093024054408263,student_t_df_n_minus_1,576567.666,655775.2145,-12.078460232808935,6557.752145,outside_1pct_practical_band,"1% is a project-defined practical threshold, not an industry standard"
FP_COST_NOISE_LOW,delta_D1_est_minus_C_est,D1_est,C_est,20,19,-3735.6120000000055,3250.2389907652296,726.7755326471364,-5256.77067198584,-2214.4533280141713,excludes_0_negative,2.093024054408263,student_t_df_n_minus_1,579535.0925,583270.7045,-0.6404593906704611,5832.707045,ci_within_1pct_practical_band,"1% is a project-defined practical threshold, not an industry standard"
FP_COST_NOISE_LOW,delta_D2_est_minus_C_est,D2_est,C_est,20,19,-6703.038499999995,3158.376285142466,706.2344072101812,-8181.204102341665,-5224.872897658325,excludes_0_negative,2.093024054408263,student_t_df_n_minus_1,576567.666,583270.7045,-1.149215698351604,5832.707045,outside_1pct_practical_band,"1% is a project-defined practical threshold, not an industry standard"
FP_COST_NOISE_LOW,delta_D2_est_minus_D1_est,D2_est,D1_est,20,19,-2967.4264999999896,2129.5105098547583,476.1730258835475,-3964.0680972346227,-1970.7849027653563,excludes_0_negative,2.093024054408263,student_t_df_n_minus_1,576567.666,579535.0925,-0.5120356883306406,5795.350925000001,ci_within_1pct_practical_band,"1% is a project-defined practical threshold, not an industry standard"
FP_COST_NOISE_LOW,estimation_penalty_C,C_est,C_oracle,20,19,0.0,0.0,0.0,0.0,0.0,includes_0,2.093024054408263,student_t_df_n_minus_1,583270.7045,583270.7045,0.0,5832.707045,ci_within_1pct_practical_band,"1% is a project-defined practical threshold, not an industry standard"
FP_COST_NOISE_LOW,estimation_penalty_D1,D1_est,D1_oracle,20,19,1714.198499999987,1987.1820274217932,444.34740969809803,784.1686829878644,2644.2283170121095,excludes_0_positive,2.093024054408263,student_t_df_n_minus_1,579535.0925,577820.8940000001,0.2966660634462946,5778.208940000001,ci_within_1pct_practical_band,"1% is a project-defined practical threshold, not an industry standard"
FP_COST_NOISE_LOW,estimation_penalty_D2,D2_est,D2_oracle,20,19,673.5720000000089,1715.7347823465373,383.6499604687663,-129.41659573389825,1476.560595733916,includes_0,2.093024054408263,student_t_df_n_minus_1,576567.666,575894.0939999999,0.11696108833510785,5758.9409399999995,ci_within_1pct_practical_band,"1% is a project-defined practical threshold, not an industry standard"
FP_COST_NOISE_LOW,delta_C_oracle_minus_D1_oracle,C_oracle,D1_oracle,20,19,5449.810499999992,2586.76840745456,578.419000111727,4239.165619239372,6660.455380760613,excludes_0_positive,2.093024054408263,student_t_df_n_minus_1,583270.7045,577820.8940000001,0.9431660496513634,5778.208940000001,mean_within_1pct_band_ci_not,"1% is a project-defined practical threshold, not an industry standard"
FP_COST_NOISE_HIGH,delta_C_est_minus_B,C_est,B_topk_probability,20,19,-72504.51000000001,9826.294665816431,2197.226283970912,-77103.3574653292,-67905.66253467082,excludes_0_negative,2.093024054408263,student_t_df_n_minus_1,583270.7045,655775.2145,-11.056305330978624,6557.752145,outside_1pct_practical_band,"1% is a project-defined practical threshold, not an industry standard"
FP_COST_NOISE_HIGH,delta_D1_est_minus_B,D1_est,B_topk_probability,20,19,-72352.043,10077.652414489403,2253.431585241319,-77068.52951287343,-67635.55648712658,excludes_0_negative,2.093024054408263,student_t_df_n_minus_1,583423.1714999999,655775.2145,-11.033055443421308,6557.752145,outside_1pct_practical_band,"1% is a project-defined practical threshold, not an industry standard"
FP_COST_NOISE_HIGH,delta_D2_est_minus_B,D2_est,B_topk_probability,20,19,-76612.52350000001,9655.456547083819,2159.0257193074817,-81131.41626459667,-72093.63073540335,excludes_0_negative,2.093024054408263,student_t_df_n_minus_1,579162.691,655775.2145,-11.682741556253193,6557.752145,outside_1pct_practical_band,"1% is a project-defined practical threshold, not an industry standard"
FP_COST_NOISE_HIGH,delta_D1_est_minus_C_est,D1_est,C_est,20,19,152.46699999999254,3199.50932482188,715.4320344946178,-1344.9494574914847,1649.88345749147,includes_0,2.093024054408263,student_t_df_n_minus_1,583423.1714999999,583270.7045,0.02614000648818675,5832.707045,ci_within_1pct_practical_band,"1% is a project-defined practical threshold, not an industry standard"
FP_COST_NOISE_HIGH,delta_D2_est_minus_C_est,D2_est,C_est,20,19,-4108.013500000006,3827.423973986292,855.8380184545736,-5899.303059302531,-2316.7239406974813,excludes_0_negative,2.093024054408263,student_t_df_n_minus_1,579162.691,583270.7045,-0.7043065026764097,5832.707045,mean_within_1pct_band_ci_not,"1% is a project-defined practical threshold, not an industry standard"
FP_COST_NOISE_HIGH,delta_D2_est_minus_D1_est,D2_est,D1_est,20,19,-4260.4805,2112.678374898291,472.4092460866364,-5249.244415584202,-3271.716584415797,excludes_0_negative,2.093024054408263,student_t_df_n_minus_1,579162.691,583423.1714999999,-0.7302556202980705,5834.231715,ci_within_1pct_practical_band,"1% is a project-defined practical threshold, not an industry standard"
FP_COST_NOISE_HIGH,estimation_penalty_C,C_est,C_oracle,20,19,0.0,0.0,0.0,0.0,0.0,includes_0,2.093024054408263,student_t_df_n_minus_1,583270.7045,583270.7045,0.0,5832.707045,ci_within_1pct_practical_band,"1% is a project-defined practical threshold, not an industry standard"
FP_COST_NOISE_HIGH,estimation_penalty_D1,D1_est,D1_oracle,20,19,5602.277499999985,2703.4626514525044,604.512626327962,4337.0180319020465,6867.536968097923,excludes_0_positive,2.093024054408263,student_t_df_n_minus_1,583423.1714999999,577820.8940000001,0.9695525998061233,5778.208940000001,mean_within_1pct_band_ci_not,"1% is a project-defined practical threshold, not an industry standard"
FP_COST_NOISE_HIGH,estimation_penalty_D2,D2_est,D2_oracle,20,19,3268.596999999997,2730.6787000518407,610.5983198026674,1990.6000290717448,4546.593970928249,excludes_0_positive,2.093024054408263,student_t_df_n_minus_1,579162.691,575894.0939999999,0.5675691128028824,5758.9409399999995,ci_within_1pct_practical_band,"1% is a project-defined practical threshold, not an industry standard"
FP_COST_NOISE_HIGH,delta_C_oracle_minus_D1_oracle,C_oracle,D1_oracle,20,19,5449.810499999992,2586.76840745456,578.419000111727,4239.165619239372,6660.455380760613,excludes_0_positive,2.093024054408263,student_t_df_n_minus_1,583270.7045,577820.8940000001,0.9431660496513634,5778.208940000001,mean_within_1pct_band_ci_not,"1% is a project-defined practical threshold, not an industry standard"
REVIEW_EFFECTIVENESS_OPTIMISM,delta_C_est_minus_B,C_est,B_topk_probability,20,19,-72504.51000000001,9826.294665816431,2197.226283970912,-77103.3574653292,-67905.66253467082,excludes_0_negative,2.093024054408263,student_t_df_n_minus_1,583270.7045,655775.2145,-11.056305330978624,6557.752145,outside_1pct_practical_band,"1% is a project-defined practical threshold, not an industry standard"
REVIEW_EFFECTIVENESS_OPTIMISM,delta_D1_est_minus_B,D1_est,B_topk_probability,20,19,-77588.1965,9230.381501404267,2063.976049539651,-81908.14801940904,-73268.24498059097,excludes_0_negative,2.093024054408263,student_t_df_n_minus_1,578187.0179999999,655775.2145,-11.83152317813012,6557.752145,outside_1pct_practical_band,"1% is a project-defined practical threshold, not an industry standard"
REVIEW_EFFECTIVENESS_OPTIMISM,delta_D2_est_minus_B,D2_est,B_topk_probability,20,19,-77635.2105,9149.079633390491,2045.796399181999,-81917.11157390973,-73353.30942609027,excludes_0_negative,2.093024054408263,student_t_df_n_minus_1,578140.0039999998,655775.2145,-11.838692403035308,6557.752145,outside_1pct_practical_band,"1% is a project-defined practical threshold, not an industry standard"
REVIEW_EFFECTIVENESS_OPTIMISM,delta_D1_est_minus_C_est,D1_est,C_est,20,19,-5083.686499999993,2591.049667336167,579.3763189241886,-6296.335072062833,-3871.0379279371537,excludes_0_negative,2.093024054408263,student_t_df_n_minus_1,578187.0179999999,583270.7045,-0.8715826906406874,5832.707045,mean_within_1pct_band_ci_not,"1% is a project-defined practical threshold, not an industry standard"
REVIEW_EFFECTIVENESS_OPTIMISM,delta_D2_est_minus_C_est,D2_est,C_est,20,19,-5130.700500000001,2686.1759444264962,600.6472011262342,-6387.869540170207,-3873.5314598297946,excludes_0_negative,2.093024054408263,student_t_df_n_minus_1,578140.0039999998,583270.7045,-0.8796430988932004,5832.707045,mean_within_1pct_band_ci_not,"1% is a project-defined practical threshold, not an industry standard"
REVIEW_EFFECTIVENESS_OPTIMISM,delta_D2_est_minus_D1_est,D2_est,D1_est,20,19,-47.014000000007215,204.67874783362552,45.76755937055245,-142.8066026741318,48.77860267411735,includes_0,2.093024054408263,student_t_df_n_minus_1,578140.0039999998,578187.0179999999,-0.008131279073444577,5781.870179999999,ci_within_1pct_practical_band,"1% is a project-defined practical threshold, not an industry standard"
REVIEW_EFFECTIVENESS_OPTIMISM,estimation_penalty_C,C_est,C_oracle,20,19,0.0,0.0,0.0,0.0,0.0,includes_0,2.093024054408263,student_t_df_n_minus_1,583270.7045,583270.7045,0.0,5832.707045,ci_within_1pct_practical_band,"1% is a project-defined practical threshold, not an industry standard"
REVIEW_EFFECTIVENESS_OPTIMISM,estimation_penalty_D1,D1_est,D1_oracle,20,19,366.12399999999906,1425.2296192447927,318.69103121774987,-300.9039942629261,1033.1519942629243,includes_0,2.093024054408263,student_t_df_n_minus_1,578187.0179999999,577820.8940000001,0.06336288697791517,5778.208940000001,ci_within_1pct_practical_band,"1% is a project-defined practical threshold, not an industry standard"
REVIEW_EFFECTIVENESS_OPTIMISM,estimation_penalty_D2,D2_est,D2_oracle,20,19,2245.9100000000035,2140.426122894324,478.61383116080276,1244.1597386079484,3247.6602613920586,excludes_0_positive,2.093024054408263,student_t_df_n_minus_1,578140.0039999998,575894.0939999999,0.3899866352857586,5758.9409399999995,ci_within_1pct_practical_band,"1% is a project-defined practical threshold, not an industry standard"
REVIEW_EFFECTIVENESS_OPTIMISM,delta_C_oracle_minus_D1_oracle,C_oracle,D1_oracle,20,19,5449.810499999992,2586.76840745456,578.419000111727,4239.165619239372,6660.455380760613,excludes_0_positive,2.093024054408263,student_t_df_n_minus_1,583270.7045,577820.8940000001,0.9431660496513634,5778.208940000001,mean_within_1pct_band_ci_not,"1% is a project-defined practical threshold, not an industry standard"
REVIEW_EFFECTIVENESS_PESSIMISM,delta_C_est_minus_B,C_est,B_topk_probability,20,19,-72504.51000000001,9826.294665816431,2197.226283970912,-77103.3574653292,-67905.66253467082,excludes_0_negative,2.093024054408263,student_t_df_n_minus_1,583270.7045,655775.2145,-11.056305330978624,6557.752145,outside_1pct_practical_band,"1% is a project-defined practical threshold, not an industry standard"
REVIEW_EFFECTIVENESS_PESSIMISM,delta_D1_est_minus_B,D1_est,B_topk_probability,20,19,-77506.4325,9697.870568899916,2168.509782905477,-82045.1756378408,-72967.68936215919,excludes_0_negative,2.093024054408263,student_t_df_n_minus_1,578268.782,655775.2145,-11.819054881343034,6557.752145,outside_1pct_practical_band,"1% is a project-defined practical threshold, not an industry standard"
REVIEW_EFFECTIVENESS_PESSIMISM,delta_D2_est_minus_B,D2_est,B_topk_probability,20,19,-76453.343,8694.854167813164,1944.2284973677597,-80522.66001225675,-72384.02598774324,excludes_0_negative,2.093024054408263,student_t_df_n_minus_1,579321.8715,655775.2145,-11.658467918506547,6557.752145,outside_1pct_practical_band,"1% is a project-defined practical threshold, not an industry standard"
REVIEW_EFFECTIVENESS_PESSIMISM,delta_D1_est_minus_C_est,D1_est,C_est,20,19,-5001.922499999998,2964.5547431148916,662.8945928624324,-6389.376828398241,-3614.468171601755,excludes_0_negative,2.093024054408263,student_t_df_n_minus_1,578268.782,583270.7045,-0.8575644998813751,5832.707045,mean_within_1pct_band_ci_not,"1% is a project-defined practical threshold, not an industry standard"
REVIEW_EFFECTIVENESS_PESSIMISM,delta_D2_est_minus_C_est,D2_est,C_est,20,19,-3948.832999999996,4296.999252994215,960.838242896088,-5959.890554776877,-1937.7754452231145,excludes_0_negative,2.093024054408263,student_t_df_n_minus_1,579321.8715,583270.7045,-0.6770154868973015,5832.707045,mean_within_1pct_band_ci_not,"1% is a project-defined practical threshold, not an industry standard"
REVIEW_EFFECTIVENESS_PESSIMISM,delta_D2_est_minus_D1_est,D2_est,D1_est,20,19,1053.0895000000019,4128.210019474447,923.0958228940594,-878.9722618410542,2985.151261841058,includes_0,2.093024054408263,student_t_df_n_minus_1,579321.8715,578268.782,0.1821107299546393,5782.68782,ci_within_1pct_practical_band,"1% is a project-defined practical threshold, not an industry standard"
REVIEW_EFFECTIVENESS_PESSIMISM,estimation_penalty_C,C_est,C_oracle,20,19,0.0,0.0,0.0,0.0,0.0,includes_0,2.093024054408263,student_t_df_n_minus_1,583270.7045,583270.7045,0.0,5832.707045,ci_within_1pct_practical_band,"1% is a project-defined practical threshold, not an industry standard"
REVIEW_EFFECTIVENESS_PESSIMISM,estimation_penalty_D1,D1_est,D1_oracle,20,19,447.88799999999463,1601.2959858505324,358.06066764593317,-301.541590320426,1197.3175903204153,includes_0,2.093024054408263,student_t_df_n_minus_1,578268.782,577820.8940000001,0.07751329255324481,5778.208940000001,ci_within_1pct_practical_band,"1% is a project-defined practical threshold, not an industry standard"
REVIEW_EFFECTIVENESS_PESSIMISM,estimation_penalty_D2,D2_est,D2_oracle,20,19,3427.7775000000083,3416.650306621326,763.9862340950784,1828.735934802227,5026.819065197789,excludes_0_positive,2.093024054408263,student_t_df_n_minus_1,579321.8715,575894.0939999999,0.5952096983998605,5758.9409399999995,ci_within_1pct_practical_band,"1% is a project-defined practical threshold, not an industry standard"
REVIEW_EFFECTIVENESS_PESSIMISM,delta_C_oracle_minus_D1_oracle,C_oracle,D1_oracle,20,19,5449.810499999992,2586.76840745456,578.419000111727,4239.165619239372,6660.455380760613,excludes_0_positive,2.093024054408263,student_t_df_n_minus_1,583270.7045,577820.8940000001,0.9431660496513634,5778.208940000001,mean_within_1pct_band_ci_not,"1% is a project-defined practical threshold, not an industry standard"
JOINT_MODERATE_MISSPECIFICATION,delta_C_est_minus_B,C_est,B_topk_probability,20,19,-66455.293,9243.411074953297,2066.889550756998,-70781.34254753949,-62129.24345246052,excludes_0_negative,2.093024054408263,student_t_df_n_minus_1,589319.9214999999,655775.2145,-10.133852504728967,6557.752145,outside_1pct_practical_band,"1% is a project-defined practical threshold, not an industry standard"
JOINT_MODERATE_MISSPECIFICATION,delta_D1_est_minus_B,D1_est,B_topk_probability,20,19,-71767.6695,9024.860853022366,2018.0202354834748,-75991.43439514954,-67543.90460485047,excludes_0_negative,2.093024054408263,student_t_df_n_minus_1,584007.545,655775.2145,-10.943943582058026,6557.752145,outside_1pct_practical_band,"1% is a project-defined practical threshold, not an industry standard"
JOINT_MODERATE_MISSPECIFICATION,delta_D2_est_minus_B,D2_est,B_topk_probability,20,19,-72822.09650000001,9022.687212704292,2017.5341947324898,-77044.84410016632,-68599.34889983371,excludes_0_negative,2.093024054408263,student_t_df_n_minus_1,582953.118,655775.2145,-11.104734501977738,6557.752145,outside_1pct_practical_band,"1% is a project-defined practical threshold, not an industry standard"
JOINT_MODERATE_MISSPECIFICATION,delta_D1_est_minus_C_est,D1_est,C_est,20,19,-5312.376500000001,2466.34898865397,551.4923994868134,-6466.663357949233,-4158.08964205077,excludes_0_negative,2.093024054408263,student_t_df_n_minus_1,584007.545,589319.9214999999,-0.9014418664955994,5893.199215,mean_within_1pct_band_ci_not,"1% is a project-defined practical threshold, not an industry standard"
JOINT_MODERATE_MISSPECIFICATION,delta_D2_est_minus_C_est,D2_est,C_est,20,19,-6366.803500000009,2583.369721894802,577.6590309171503,-7575.857746955771,-5157.749253044247,excludes_0_negative,2.093024054408263,student_t_df_n_minus_1,582953.118,589319.9214999999,-1.0803645469500744,5893.199215,outside_1pct_practical_band,"1% is a project-defined practical threshold, not an industry standard"
JOINT_MODERATE_MISSPECIFICATION,delta_D2_est_minus_D1_est,D2_est,D1_est,20,19,-1054.4270000000076,1596.8065527107442,357.0567998778325,-1801.7554709343483,-307.098529065667,excludes_0_negative,2.093024054408263,student_t_df_n_minus_1,582953.118,584007.545,-0.18055023587066973,5840.07545,ci_within_1pct_practical_band,"1% is a project-defined practical threshold, not an industry standard"
JOINT_MODERATE_MISSPECIFICATION,estimation_penalty_C,C_est,C_oracle,20,19,6049.217000000004,2954.760155242998,660.7044564331175,4666.346679830753,7432.087320169256,excludes_0_positive,2.093024054408263,student_t_df_n_minus_1,589319.9214999999,583270.7045,1.037119977624387,5832.707045,outside_1pct_practical_band,"1% is a project-defined practical threshold, not an industry standard"
JOINT_MODERATE_MISSPECIFICATION,estimation_penalty_D1,D1_est,D1_oracle,20,19,6186.650999999995,2553.8286924844356,571.0534559284604,4991.422380388759,7381.879619611232,excludes_0_positive,2.093024054408263,student_t_df_n_minus_1,584007.545,577820.8940000001,1.070686620065351,5778.208940000001,outside_1pct_practical_band,"1% is a project-defined practical threshold, not an industry standard"
JOINT_MODERATE_MISSPECIFICATION,estimation_penalty_D2,D2_est,D2_oracle,20,19,7059.023999999999,2846.6320251601387,636.5262715185961,5726.759202448773,8391.288797551226,excludes_0_positive,2.093024054408263,student_t_df_n_minus_1,582953.118,575894.0939999999,1.2257503720814336,5758.9409399999995,outside_1pct_practical_band,"1% is a project-defined practical threshold, not an industry standard"
JOINT_MODERATE_MISSPECIFICATION,delta_C_oracle_minus_D1_oracle,C_oracle,D1_oracle,20,19,5449.810499999992,2586.76840745456,578.419000111727,4239.165619239372,6660.455380760613,excludes_0_positive,2.093024054408263,student_t_df_n_minus_1,583270.7045,577820.8940000001,0.9431660496513634,5778.208940000001,mean_within_1pct_band_ci_not,"1% is a project-defined practical threshold, not an industry standard"
