policy,same_predictions,review_volume,precision_among_reviewed,fraud_dollars_captured,fraud_loss_remaining,fp_intervention_cost,review_cost,total_system_cost,capacity_utilization,prevalence,calibration,fp_cost_regime,capacity,best_policy,best_cost,rel_cost_vs_best
B_topk_probability,Yes,500,0.508,29021.56,324464.33,4055.11,12500.0,341019.44,1.0,low,calibrated,low,500,D_cost_aware,311817.93,1.0936492330636665
B_topk_probability,Yes,1000,0.4,45319.19,316073.26,9366.85,25000.0,350440.11,1.0,low,calibrated,low,1000,D_cost_aware,302441.16,1.1587050849824807
B_topk_probability,Yes,2000,0.3415,85238.97,272357.31,21658.74,50000.0,344016.05,1.0,low,calibrated,low,2000,D_cost_aware,292842.79,1.1747465252601916
B_topk_probability,Yes,5000,0.2276,135885.9,213309.1,62854.07,125000.0,401163.17,1.0,low,calibrated,low,5000,D_cost_aware,349853.76,1.1466595928538827
B_topk_probability,Yes,10000,0.1558,195309.85,159682.74,137983.02,250000.0,547665.76,1.0,low,calibrated,low,10000,D_cost_aware,481179.86,1.1381726575172952
B_topk_probability,Yes,500,0.454,24074.59,315829.01,12293.33,12500.0,340622.34,1.0,low,calibrated,baseline,500,D_cost_aware,311351.55,1.094012025955869
B_topk_probability,Yes,1000,0.382,45192.81,315547.89,26181.59,25000.0,366729.47,1.0,low,calibrated,baseline,1000,D_cost_aware,322779.29,1.1361617097552943
B_topk_probability,Yes,2000,0.3145,78059.46,288447.55,59945.7,50000.0,398393.25,1.0,low,calibrated,baseline,2000,D_cost_aware,342782.28,1.1622340863127463
B_topk_probability,Yes,5000,0.2298,130802.95,219117.62,166141.75,125000.0,510259.36,1.0,low,calibrated,baseline,5000,D_cost_aware,437031.05,1.167558597953166
B_topk_probability,Yes,10000,0.1578,197683.4,169428.4,363165.87,250000.0,782594.27,1.0,low,calibrated,baseline,10000,D_cost_aware,648534.35,1.2067121348314087
B_topk_probability,Yes,500,0.448,29342.7,330867.8,35784.3,12500.0,379152.09,1.0,low,calibrated,high,500,D_cost_aware,344487.03,1.1006280555758514
B_topk_probability,Yes,1000,0.418,48402.84,325181.48,77191.7,25000.0,427373.17,1.0,low,calibrated,high,1000,D_cost_aware,372725.62,1.1466160281657054
B_topk_probability,Yes,2000,0.3185,76833.48,270630.92,178145.9,50000.0,498776.82,1.0,low,calibrated,high,2000,D_cost_aware,423169.17,1.1786700340197278
B_topk_probability,Yes,5000,0.2202,138025.51,218372.69,506125.19,125000.0,849497.88,1.0,low,calibrated,high,5000,D_cost_aware,657276.54,1.2924512412994384
B_topk_probability,Yes,10000,0.1579,196899.87,171456.55,1101470.79,250000.0,1522927.34,1.0,low,calibrated,high,10000,D_cost_aware,1074394.31,1.417475247053384
B_topk_probability,Yes,500,0.312,18321.65,324454.7,5338.88,12500.0,342293.58,1.0,low,moderate_distortion,low,500,D_cost_aware,318323.12,1.0753022903268856
B_topk_probability,Yes,1000,0.257,32609.22,327916.54,12345.15,25000.0,365261.69,1.0,low,moderate_distortion,low,1000,D_cost_aware,331317.89,1.1024508516579048
B_topk_probability,Yes,2000,0.2215,50153.65,298964.77,25148.52,50000.0,374113.29,1.0,low,moderate_distortion,low,2000,D_cost_aware,333500.39,1.1217776686857845
B_topk_probability,Yes,5000,0.147,88250.65,245486.85,69336.84,125000.0,439823.69,1.0,low,moderate_distortion,low,5000,D_cost_aware,386479.3,1.1380265126748057
B_topk_probability,Yes,10000,0.1235,167148.6,214707.74,142868.61,250000.0,607576.35,1.0,low,moderate_distortion,low,10000,D_cost_aware,538504.48,1.1282661009616857
B_topk_probability,Yes,500,0.29,17188.27,331342.23,15413.35,12500.0,359255.58,1.0,low,moderate_distortion,baseline,500,C_expected_exposure,322407.04,1.1142919832023521
B_topk_probability,Yes,1000,0.271,36488.66,334054.29,31476.01,25000.0,390530.3,1.0,low,moderate_distortion,baseline,1000,D_cost_aware,352041.24,1.109331111320935
B_topk_probability,Yes,2000,0.2265,51502.3,301257.61,66212.31,50000.0,417469.92,1.0,low,moderate_distortion,baseline,2000,D_cost_aware,368362.95,1.133311371298335
B_topk_probability,Yes,5000,0.1528,88657.02,257142.23,182417.14,125000.0,564559.36,1.0,low,moderate_distortion,baseline,5000,D_cost_aware,497987.37,1.133682085150071
B_topk_probability,Yes,10000,0.1203,144066.84,229029.16,379787.43,250000.0,858816.6,1.0,low,moderate_distortion,baseline,10000,D_cost_aware,719556.18,1.1935365491545078
B_topk_probability,Yes,500,0.326,16585.67,331889.32,45332.66,12500.0,389721.97,1.0,low,moderate_distortion,high,500,D_cost_aware,368816.99,1.056681174042443
B_topk_probability,Yes,1000,0.25,30585.05,330072.3,95988.78,25000.0,451061.09,1.0,low,moderate_distortion,high,1000,D_cost_aware,408131.83,1.1051847879642223
B_topk_probability,Yes,2000,0.216,49350.81,306641.27,202063.73,50000.0,558705.0,1.0,low,moderate_distortion,high,2000,D_cost_aware,495976.5,1.126474742250893
B_topk_probability,Yes,5000,0.154,83095.12,266460.84,550793.72,125000.0,942254.55,1.0,low,moderate_distortion,high,5000,D_cost_aware,752745.0,1.2517579658450073
B_topk_probability,Yes,10000,0.1202,155803.67,203914.04,1137868.54,250000.0,1591782.58,1.0,low,moderate_distortion,high,10000,D_cost_aware,1175857.64,1.3537204894973511
B_topk_probability,Yes,500,0.164,11481.45,346720.66,6841.42,12500.0,366062.08,1.0,low,severe_distortion,low,500,D_cost_aware,344360.32,1.0630205013167604
B_topk_probability,Yes,1000,0.166,23296.83,339674.59,13618.85,25000.0,378293.44,1.0,low,severe_distortion,low,1000,D_cost_aware,347229.42,1.0894625230776818
B_topk_probability,Yes,2000,0.1295,30405.27,326474.25,28215.83,50000.0,404690.08,1.0,low,severe_distortion,low,2000,D_cost_aware,362796.7,1.1154734318145672
B_topk_probability,Yes,5000,0.1086,67051.85,296580.21,72337.04,125000.0,493917.25,1.0,low,severe_distortion,low,5000,C_expected_exposure,427207.97,1.1561517684232343
B_topk_probability,Yes,10000,0.087,107673.83,255568.31,148383.29,250000.0,653951.6,1.0,low,severe_distortion,low,10000,D_cost_aware,590989.8,1.1065361872573773
B_topk_probability,Yes,500,0.174,9659.96,328181.15,18453.97,12500.0,359135.11,1.0,low,severe_distortion,baseline,500,D_cost_aware,333603.55,1.0765326388163434
B_topk_probability,Yes,1000,0.171,27694.57,340082.99,36642.77,25000.0,401725.76,1.0,low,severe_distortion,baseline,1000,C_expected_exposure,364339.95,1.1026124365444965
B_topk_probability,Yes,2000,0.139,32653.08,324721.88,74223.03,50000.0,448944.91,1.0,low,severe_distortion,baseline,2000,D_cost_aware,411760.84,1.0903050178351101
B_topk_probability,Yes,5000,0.1096,71188.68,298443.72,193476.76,125000.0,616920.48,1.0,low,severe_distortion,baseline,5000,D_cost_aware,554580.18,1.112409895355438
B_topk_probability,Yes,10000,0.0815,105566.25,258708.61,397025.35,250000.0,905733.96,1.0,low,severe_distortion,baseline,10000,D_cost_aware,827102.1,1.0950691093638862
B_topk_probability,Yes,500,0.17,9946.47,357446.24,54497.71,12500.0,424443.94,1.0,low,severe_distortion,high,500,D_cost_aware,404425.34,1.0494988766035283
B_topk_probability,Yes,1000,0.156,20731.46,324181.16,109845.36,25000.0,459026.52,1.0,low,severe_distortion,high,1000,D_cost_aware,427526.91,1.0736786603678352
B_topk_probability,Yes,2000,0.1385,25457.69,327524.42,227142.68,50000.0,604667.1,1.0,low,severe_distortion,high,2000,D_cost_aware,563801.15,1.0724829135236775
B_topk_probability,Yes,5000,0.1082,69802.1,277099.04,586547.03,125000.0,988646.06,1.0,low,severe_distortion,high,5000,D_cost_aware,889241.2,1.111786161055066
B_topk_probability,Yes,10000,0.0833,105811.83,261329.61,1194705.12,250000.0,1706034.73,1.0,low,severe_distortion,high,10000,D_cost_aware,1432247.14,1.1911594600915036
B_topk_probability,Yes,500,0.618,33296.05,594769.52,3089.31,12500.0,610358.82,1.0,baseline,calibrated,low,500,C_expected_exposure,559702.71,1.0905053863326837
B_topk_probability,Yes,1000,0.559,67860.41,543967.31,7000.1,25000.0,575967.42,1.0,baseline,calibrated,low,1000,C_expected_exposure,500058.61,1.1517998260243936
B_topk_probability,Yes,2000,0.475,116773.17,532745.48,17023.65,50000.0,599769.12,1.0,baseline,calibrated,low,2000,D_cost_aware,496348.43,1.2083630847789728
B_topk_probability,Yes,5000,0.3478,213534.31,421675.99,53288.06,125000.0,599964.05,1.0,baseline,calibrated,low,5000,D_cost_aware,487417.86,1.2309028848471004
B_topk_probability,Yes,10000,0.2567,321608.32,335224.07,120433.08,250000.0,705657.15,1.0,baseline,calibrated,low,10000,D_cost_aware,596364.9,1.1832640552789073
B_topk_probability,Yes,500,0.65,39188.58,614975.64,7986.42,12500.0,635462.06,1.0,baseline,calibrated,baseline,500,D_cost_aware,562115.09,1.1304839014373376
B_topk_probability,Yes,1000,0.544,77254.17,534439.21,19694.08,25000.0,579133.28,1.0,baseline,calibrated,baseline,1000,D_cost_aware,507584.98,1.1409582687021196
B_topk_probability,Yes,2000,0.481,117374.66,513339.58,44791.76,50000.0,608131.35,1.0,baseline,calibrated,baseline,2000,D_cost_aware,515735.44,1.1791536955459179
B_topk_probability,Yes,5000,0.3412,213864.59,437442.46,143041.54,125000.0,705484.0,1.0,baseline,calibrated,baseline,5000,D_cost_aware,586246.54,1.2033913240664924
B_topk_probability,Yes,10000,0.2651,324672.35,319533.05,319881.85,250000.0,889414.89,1.0,baseline,calibrated,baseline,10000,D_cost_aware,748579.78,1.1881364067835227
B_topk_probability,Yes,500,0.626,46262.21,591909.2,23578.22,12500.0,627987.42,1.0,baseline,calibrated,high,500,D_cost_aware,582655.1,1.077803009018543
B_topk_probability,Yes,1000,0.555,66046.14,550048.38,59062.53,25000.0,634110.91,1.0,baseline,calibrated,high,1000,D_cost_aware,563417.56,1.1254723938671702
B_topk_probability,Yes,2000,0.4775,115547.95,526588.26,133586.47,50000.0,710174.73,1.0,baseline,calibrated,high,2000,D_cost_aware,618876.05,1.1475233691786908
B_topk_probability,Yes,5000,0.3356,215882.14,407130.52,431320.05,125000.0,963450.57,1.0,baseline,calibrated,high,5000,D_cost_aware,804687.01,1.197298524801587
B_topk_probability,Yes,10000,0.2608,309059.33,316085.8,961891.33,250000.0,1527977.13,1.0,baseline,calibrated,high,10000,D_cost_aware,1203563.48,1.269544278628328
B_topk_probability,Yes,500,0.46,28001.06,608426.29,4450.27,12500.0,625376.56,1.0,baseline,moderate_distortion,low,500,D_cost_aware,581520.67,1.0754158747272045
B_topk_probability,Yes,1000,0.418,42924.06,599548.71,9427.62,25000.0,633976.34,1.0,baseline,moderate_distortion,low,1000,D_cost_aware,550224.73,1.1522134601256473
B_topk_probability,Yes,2000,0.3305,79897.72,579759.48,21796.06,50000.0,651555.55,1.0,baseline,moderate_distortion,low,2000,C_expected_exposure,560140.29,1.1632006510369037
B_topk_probability,Yes,5000,0.256,147091.48,509704.51,59966.87,125000.0,694671.38,1.0,baseline,moderate_distortion,low,5000,C_expected_exposure,572574.27,1.2132423973574642
B_topk_probability,Yes,10000,0.1986,241590.85,387591.86,129985.83,250000.0,767577.69,1.0,baseline,moderate_distortion,low,10000,D_cost_aware,663291.2,1.1572258006739724
B_topk_probability,Yes,500,0.452,29207.0,623050.24,12097.49,12500.0,647647.73,1.0,baseline,moderate_distortion,baseline,500,D_cost_aware,587857.51,1.1017086946801105
B_topk_probability,Yes,1000,0.384,48913.43,602675.39,26748.24,25000.0,654423.63,1.0,baseline,moderate_distortion,baseline,1000,D_cost_aware,566858.6,1.154474202208452
B_topk_probability,Yes,2000,0.328,76697.72,554126.33,58432.34,50000.0,662558.67,1.0,baseline,moderate_distortion,baseline,2000,D_cost_aware,578230.63,1.1458380715667034
B_topk_probability,Yes,5000,0.2386,150392.45,470029.99,165201.12,125000.0,760231.12,1.0,baseline,moderate_distortion,baseline,5000,D_cost_aware,645809.95,1.1771746780922159
B_topk_probability,Yes,10000,0.1928,223164.33,369166.01,349224.41,250000.0,968390.42,1.0,baseline,moderate_distortion,baseline,10000,D_cost_aware,850215.8,1.1389936766642068
B_topk_probability,Yes,500,0.454,28956.2,609706.46,35441.4,12500.0,657647.86,1.0,baseline,moderate_distortion,high,500,D_cost_aware,622175.41,1.0570135839987633
B_topk_probability,Yes,1000,0.349,36622.32,606085.48,86076.33,25000.0,717161.81,1.0,baseline,moderate_distortion,high,1000,D_cost_aware,626158.99,1.1453350050919178
B_topk_probability,Yes,2000,0.304,69163.97,549297.66,181430.52,50000.0,780728.18,1.0,baseline,moderate_distortion,high,2000,D_cost_aware,692156.02,1.127965599432336
B_topk_probability,Yes,5000,0.257,163990.32,503548.88,483959.93,125000.0,1112508.81,1.0,baseline,moderate_distortion,high,5000,D_cost_aware,931157.48,1.1947590325967206
B_topk_probability,Yes,10000,0.1958,240922.67,411679.93,1044356.29,250000.0,1706036.23,1.0,baseline,moderate_distortion,high,10000,D_cost_aware,1371003.7,1.2443702595405104
B_topk_probability,Yes,500,0.3,17047.09,605459.78,5733.82,12500.0,623693.6,1.0,baseline,severe_distortion,low,500,D_cost_aware,590977.11,1.0553599952458395
B_topk_probability,Yes,1000,0.226,29038.33,622944.57,12511.31,25000.0,660455.88,1.0,baseline,severe_distortion,low,1000,C_expected_exposure,600305.12,1.1002003114682746
B_topk_probability,Yes,2000,0.217,46265.42,592556.68,25846.28,50000.0,668402.96,1.0,baseline,severe_distortion,low,2000,C_expected_exposure,582844.95,1.1467937742276055
B_topk_probability,Yes,5000,0.181,104396.91,544088.04,66158.02,125000.0,735246.06,1.0,baseline,severe_distortion,low,5000,D_cost_aware,616043.56,1.1934968689551757
B_topk_probability,Yes,10000,0.1465,182034.36,461244.16,139347.07,250000.0,850591.23,1.0,baseline,severe_distortion,low,10000,C_expected_exposure,751265.32,1.1322114935373297
B_topk_probability,Yes,500,0.284,18369.1,662289.56,15431.71,12500.0,690221.28,1.0,baseline,severe_distortion,baseline,500,D_cost_aware,639420.75,1.0794477345316054
B_topk_probability,Yes,1000,0.229,30818.8,618605.18,33500.02,25000.0,677105.2,1.0,baseline,severe_distortion,baseline,1000,D_cost_aware,604774.86,1.1195987875554219
B_topk_probability,Yes,2000,0.2065,53640.16,577108.42,68505.39,50000.0,695613.8,1.0,baseline,severe_distortion,baseline,2000,D_cost_aware,629794.17,1.1045097480022719
B_topk_probability,Yes,5000,0.1686,102227.0,522712.18,180384.57,125000.0,828096.74,1.0,baseline,severe_distortion,baseline,5000,D_cost_aware,728198.94,1.1371847643722195
B_topk_probability,Yes,10000,0.1442,167412.26,467870.25,369026.1,250000.0,1086896.35,1.0,baseline,severe_distortion,baseline,10000,D_cost_aware,972601.18,1.1175149407077627
B_topk_probability,Yes,500,0.294,17684.89,605681.02,45594.61,12500.0,663775.64,1.0,baseline,severe_distortion,high,500,C_expected_exposure,613843.15,1.0813440534442715
B_topk_probability,Yes,1000,0.246,29014.25,601530.46,97338.44,25000.0,723868.9,1.0,baseline,severe_distortion,high,1000,D_cost_aware,658784.71,1.098794323869478
B_topk_probability,Yes,2000,0.196,50140.62,590039.52,209701.02,50000.0,849740.54,1.0,baseline,severe_distortion,high,2000,D_cost_aware,761412.03,1.1160061918118105
B_topk_probability,Yes,5000,0.1682,98659.03,524265.55,540827.29,125000.0,1190092.83,1.0,baseline,severe_distortion,high,5000,D_cost_aware,1082448.12,1.0994456066864433
B_topk_probability,Yes,10000,0.1401,173078.44,483039.17,1122073.72,250000.0,1855112.89,1.0,baseline,severe_distortion,high,10000,D_cost_aware,1655046.55,1.1208826059907497
B_topk_probability,Yes,500,0.798,50671.84,1024002.87,1710.11,12500.0,1038212.98,1.0,high,calibrated,low,500,C_expected_exposure,943722.51,1.1001252688144527
B_topk_probability,Yes,1000,0.722,83972.78,1011252.28,4363.62,25000.0,1040615.9,1.0,high,calibrated,low,1000,C_expected_exposure,901352.47,1.1545049629697026
B_topk_probability,Yes,2000,0.6445,158103.94,951440.63,11420.88,50000.0,1012861.51,1.0,high,calibrated,low,2000,C_expected_exposure,819020.02,1.2366749105839927
B_topk_probability,Yes,5000,0.5076,320480.13,771784.52,39659.12,125000.0,936443.64,1.0,high,calibrated,low,5000,C_expected_exposure,748221.27,1.2515597692110516
B_topk_probability,Yes,10000,0.3994,497222.28,637749.75,97984.91,250000.0,985734.66,1.0,high,calibrated,low,10000,D_cost_aware,776382.05,1.2696515330306772
B_topk_probability,Yes,500,0.772,42922.08,1070148.67,4911.55,12500.0,1087560.22,1.0,high,calibrated,baseline,500,C_expected_exposure,950460.58,1.1442454772821826
B_topk_probability,Yes,1000,0.711,97835.81,1028998.7,12324.43,25000.0,1066323.13,1.0,high,calibrated,baseline,1000,C_expected_exposure,914684.87,1.165781970352259
B_topk_probability,Yes,2000,0.6415,150807.45,911829.56,30108.25,50000.0,991937.81,1.0,high,calibrated,baseline,2000,D_cost_aware,829044.21,1.1964836109283004
B_topk_probability,Yes,5000,0.501,326968.26,787442.63,108844.63,125000.0,1021287.26,1.0,high,calibrated,baseline,5000,D_cost_aware,824016.67,1.2394012125992548
B_topk_probability,Yes,10000,0.3959,471009.62,584656.17,262852.85,250000.0,1097509.02,1.0,high,calibrated,baseline,10000,D_cost_aware,934795.61,1.1740630874379052
B_topk_probability,Yes,500,0.77,46756.03,1061161.04,14843.08,12500.0,1088504.12,1.0,high,calibrated,high,500,D_cost_aware,986289.37,1.1036356601916941
B_topk_probability,Yes,1000,0.725,88182.31,990294.12,34308.35,25000.0,1049602.47,1.0,high,calibrated,high,1000,D_cost_aware,945276.47,1.110365594945995
B_topk_probability,Yes,2000,0.627,149023.51,982339.64,95428.6,50000.0,1127768.24,1.0,high,calibrated,high,2000,D_cost_aware,954327.79,1.181740961352493
B_topk_probability,Yes,5000,0.5066,315925.31,774316.26,317940.59,125000.0,1217256.85,1.0,high,calibrated,high,5000,D_cost_aware,1038535.9,1.1720893326845996
B_topk_probability,Yes,10000,0.3892,491253.61,633250.66,796747.53,250000.0,1679998.19,1.0,high,calibrated,high,10000,D_cost_aware,1384632.68,1.2133168704352695
B_topk_probability,Yes,500,0.572,33905.13,1062559.32,3446.27,12500.0,1078505.59,1.0,high,moderate_distortion,low,500,C_expected_exposure,998656.39,1.0799566305283443
B_topk_probability,Yes,1000,0.494,53048.44,1013077.93,8345.09,25000.0,1046423.03,1.0,high,moderate_distortion,low,1000,C_expected_exposure,928066.7,1.1275299824894052
B_topk_probability,Yes,2000,0.4455,106843.26,968736.61,18173.72,50000.0,1036910.33,1.0,high,moderate_distortion,low,2000,C_expected_exposure,899385.64,1.1529095905956426
B_topk_probability,Yes,5000,0.3572,202353.98,830451.58,52323.13,125000.0,1007774.71,1.0,high,moderate_distortion,low,5000,D_cost_aware,826683.04,1.2190581652673071
B_topk_probability,Yes,10000,0.2966,359078.27,716288.07,114348.96,250000.0,1080637.03,1.0,high,moderate_distortion,low,10000,C_expected_exposure,874237.49,1.2360909276494194
B_topk_probability,Yes,500,0.548,34632.67,1067104.77,9528.37,12500.0,1089133.14,1.0,high,moderate_distortion,baseline,500,D_cost_aware,1002247.89,1.0866903795626848
B_topk_probability,Yes,1000,0.526,65020.72,1022955.52,19963.06,25000.0,1067918.58,1.0,high,moderate_distortion,baseline,1000,C_expected_exposure,977359.13,1.0926572916958377
B_topk_probability,Yes,2000,0.449,109440.7,965286.2,48903.4,50000.0,1064189.6,1.0,high,moderate_distortion,baseline,2000,C_expected_exposure,928527.55,1.1461044963070832
B_topk_probability,Yes,5000,0.38,229877.83,853217.31,132299.41,125000.0,1110516.73,1.0,high,moderate_distortion,baseline,5000,D_cost_aware,932233.93,1.1912425564686322
B_topk_probability,Yes,10000,0.2987,364999.91,702962.41,302744.28,250000.0,1255706.69,1.0,high,moderate_distortion,baseline,10000,D_cost_aware,1071548.89,1.1718613137660943
B_topk_probability,Yes,500,0.562,35882.17,1068918.37,28392.46,12500.0,1109810.83,1.0,high,moderate_distortion,high,500,C_expected_exposure,1036013.68,1.071231829680087
B_topk_probability,Yes,1000,0.494,52888.73,1021846.22,64445.47,25000.0,1111291.69,1.0,high,moderate_distortion,high,1000,D_cost_aware,997701.96,1.1138513649908035
B_topk_probability,Yes,2000,0.449,110272.07,1002184.61,144367.25,50000.0,1196551.86,1.0,high,moderate_distortion,high,2000,C_expected_exposure,1052669.08,1.1366837715039564
B_topk_probability,Yes,5000,0.375,216786.17,857587.4,408379.74,125000.0,1390967.14,1.0,high,moderate_distortion,high,5000,D_cost_aware,1197972.07,1.1611014770987105
B_topk_probability,Yes,10000,0.3027,357525.82,720805.6,904478.38,250000.0,1875283.98,1.0,high,moderate_distortion,high,10000,D_cost_aware,1584562.97,1.1834707837455019
B_topk_probability,Yes,500,0.348,22225.36,1040836.27,5271.0,12500.0,1058607.28,1.0,high,severe_distortion,low,500,C_expected_exposure,980211.62,1.0799783010121835
B_topk_probability,Yes,1000,0.354,42802.16,1020155.38,10386.3,25000.0,1055541.68,1.0,high,severe_distortion,low,1000,D_cost_aware,946518.44,1.1151834294955734
B_topk_probability,Yes,2000,0.311,73755.67,995134.64,22764.63,50000.0,1067899.27,1.0,high,severe_distortion,low,2000,D_cost_aware,945096.27,1.1299370274734022
B_topk_probability,Yes,5000,0.2614,152311.41,914229.38,60269.8,125000.0,1099499.18,1.0,high,severe_distortion,low,5000,C_expected_exposure,919326.15,1.1959837974803609
B_topk_probability,Yes,10000,0.2278,287654.98,804885.74,124591.16,250000.0,1179476.9,1.0,high,severe_distortion,low,10000,C_expected_exposure,966765.91,1.2200232629220447
B_topk_probability,Yes,500,0.398,26064.36,1056459.51,12352.21,12500.0,1081311.72,1.0,high,severe_distortion,baseline,500,C_expected_exposure,1004834.01,1.0761097944923261
B_topk_probability,Yes,1000,0.345,44305.4,1074257.05,28216.6,25000.0,1127473.65,1.0,high,severe_distortion,baseline,1000,C_expected_exposure,1028012.47,1.0967509469996992
B_topk_probability,Yes,2000,0.3285,71316.1,1056330.84,57409.43,50000.0,1163740.28,1.0,high,severe_distortion,baseline,2000,D_cost_aware,1019144.46,1.141879611453709
B_topk_probability,Yes,5000,0.2636,160044.89,892238.67,160763.53,125000.0,1178002.2,1.0,high,severe_distortion,baseline,5000,D_cost_aware,1021387.21,1.1533355699646954
B_topk_probability,Yes,10000,0.223,265095.99,802785.79,335013.52,250000.0,1387799.3,1.0,high,severe_distortion,baseline,10000,C_expected_exposure,1193608.03,1.162692663855487
B_topk_probability,Yes,500,0.334,23262.06,1054738.87,43042.83,12500.0,1110281.7,1.0,high,severe_distortion,high,500,D_cost_aware,1044092.26,1.0633942444894668
B_topk_probability,Yes,1000,0.351,43831.43,1056957.87,85114.62,25000.0,1167072.49,1.0,high,severe_distortion,high,1000,D_cost_aware,1065157.79,1.0956803780217388
B_topk_probability,Yes,2000,0.3075,73774.97,1013566.38,179552.87,50000.0,1243119.25,1.0,high,severe_distortion,high,2000,D_cost_aware,1125340.16,1.1046608787159966
B_topk_probability,Yes,5000,0.2658,152655.5,899229.71,472856.33,125000.0,1497086.04,1.0,high,severe_distortion,high,5000,D_cost_aware,1361504.37,1.0995822510654152
B_topk_probability,Yes,10000,0.2327,286646.74,775449.12,999344.76,250000.0,2024793.89,1.0,high,severe_distortion,high,10000,D_cost_aware,1808938.42,1.1193271521094676
