policy,same_predictions,review_volume,precision_among_reviewed,fraud_dollars_captured,fraud_loss_remaining,fp_intervention_cost,review_cost,total_system_cost,capacity_utilization,prevalence,calibration,fp_cost_regime,capacity
D_cost_aware,Yes,500,0.374,117048.26,537115.96,12499.13,12500.0,562115.09,1.0,baseline,calibrated,baseline,500
D_cost_aware,Yes,1000,0.352,154880.12,456813.25,25771.72,25000.0,507584.98,1.0,baseline,calibrated,baseline,1000
D_cost_aware,Yes,2000,0.32,216709.05,414005.2,51730.24,50000.0,515735.44,1.0,baseline,calibrated,baseline,2000
D_cost_aware,Yes,5000,0.2584,321377.45,329929.6,131316.95,125000.0,586246.54,1.0,baseline,calibrated,baseline,5000
D_cost_aware,Yes,10000,0.2036,396904.41,247300.98,251278.8,250000.0,748579.78,1.0,baseline,calibrated,baseline,10000
D_cost_aware,Yes,500,0.388,102125.7,536045.71,34109.39,12500.0,582655.1,1.0,baseline,calibrated,high,500
D_cost_aware,Yes,1000,0.372,145210.49,470884.04,67533.53,25000.0,563417.56,1.0,baseline,calibrated,high,1000
D_cost_aware,Yes,2000,0.369,196665.11,445471.1,123404.95,50000.0,618876.05,1.0,baseline,calibrated,high,2000
D_cost_aware,Yes,5000,0.239,248318.58,374694.08,304992.93,125000.0,804687.01,1.0,baseline,calibrated,high,5000
D_cost_aware,Yes,10000,0.1647,282170.07,342975.06,610588.42,250000.0,1203563.48,1.0,baseline,calibrated,high,10000
C_expected_exposure,Yes,500,0.302,86444.64,541620.92,5581.79,12500.0,559702.71,1.0,baseline,calibrated,low,500
C_expected_exposure,Yes,1000,0.318,147504.63,464323.09,10735.52,25000.0,500058.61,1.0,baseline,calibrated,low,1000
D_cost_aware,Yes,2000,0.3,224225.45,425293.2,21055.23,50000.0,496348.43,1.0,baseline,calibrated,low,2000
D_cost_aware,Yes,5000,0.249,328438.1,306772.2,55645.66,125000.0,487417.86,1.0,baseline,calibrated,low,5000
D_cost_aware,Yes,10000,0.2001,423232.39,233599.99,112764.91,250000.0,596364.9,1.0,baseline,calibrated,low,10000
D_cost_aware,Yes,500,0.288,91811.15,560446.1,14911.41,12500.0,587857.51,1.0,baseline,moderate_distortion,baseline,500
D_cost_aware,Yes,1000,0.266,139802.95,511785.87,30072.73,25000.0,566858.6,1.0,baseline,moderate_distortion,baseline,1000
D_cost_aware,Yes,2000,0.236,165431.52,465392.54,62838.09,50000.0,578230.63,1.0,baseline,moderate_distortion,baseline,2000
D_cost_aware,Yes,5000,0.2014,256789.27,363633.16,157176.79,125000.0,645809.95,1.0,baseline,moderate_distortion,baseline,5000
D_cost_aware,Yes,10000,0.1649,299549.6,292780.75,307435.06,250000.0,850215.8,1.0,baseline,moderate_distortion,baseline,10000
D_cost_aware,Yes,500,0.242,74284.73,564377.94,45297.47,12500.0,622175.41,1.0,baseline,moderate_distortion,high,500
D_cost_aware,Yes,1000,0.271,126071.59,516636.21,84522.77,25000.0,626158.99,1.0,baseline,moderate_distortion,high,1000
D_cost_aware,Yes,2000,0.241,151308.76,467152.86,175003.16,50000.0,692156.02,1.0,baseline,moderate_distortion,high,2000
D_cost_aware,Yes,5000,0.2292,263986.16,403553.05,402604.43,125000.0,931157.48,1.0,baseline,moderate_distortion,high,5000
D_cost_aware,Yes,10000,0.1627,289030.69,363571.91,757431.79,250000.0,1371003.7,1.0,baseline,moderate_distortion,high,10000
D_cost_aware,Yes,500,0.246,73476.86,562950.48,6070.18,12500.0,581520.67,1.0,baseline,moderate_distortion,low,500
D_cost_aware,Yes,1000,0.266,128867.06,513605.71,11619.03,25000.0,550224.73,1.0,baseline,moderate_distortion,low,1000
C_expected_exposure,Yes,2000,0.22,174859.15,484798.06,25342.23,50000.0,560140.29,1.0,baseline,moderate_distortion,low,2000
C_expected_exposure,Yes,5000,0.1844,275122.51,381673.49,65900.78,125000.0,572574.27,1.0,baseline,moderate_distortion,low,5000
D_cost_aware,Yes,10000,0.1675,340542.4,288640.31,124650.89,250000.0,663291.2,1.0,baseline,moderate_distortion,low,10000
D_cost_aware,Yes,500,0.174,70577.76,610080.9,16839.85,12500.0,639420.75,1.0,baseline,severe_distortion,baseline,500
D_cost_aware,Yes,1000,0.173,104862.16,544561.83,35213.03,25000.0,604774.86,1.0,baseline,severe_distortion,baseline,1000
D_cost_aware,Yes,2000,0.1435,123543.33,507205.24,72588.93,50000.0,629794.17,1.0,baseline,severe_distortion,baseline,2000
D_cost_aware,Yes,5000,0.1422,199846.97,425092.2,178106.73,125000.0,728198.94,1.0,baseline,severe_distortion,baseline,5000
D_cost_aware,Yes,10000,0.1327,265706.21,369576.3,353024.88,250000.0,972601.18,1.0,baseline,severe_distortion,baseline,10000
C_expected_exposure,Yes,500,0.174,76017.74,547348.18,53994.97,12500.0,613843.15,1.0,baseline,severe_distortion,high,500
D_cost_aware,Yes,1000,0.171,97377.13,533167.58,100617.13,25000.0,658784.71,1.0,baseline,severe_distortion,high,1000
D_cost_aware,Yes,2000,0.1595,135888.02,504292.12,207119.9,50000.0,761412.03,1.0,baseline,severe_distortion,high,2000
D_cost_aware,Yes,5000,0.145,177036.2,445888.37,511559.74,125000.0,1082448.12,1.0,baseline,severe_distortion,high,5000
D_cost_aware,Yes,10000,0.1372,250108.59,406009.01,999037.54,250000.0,1655046.55,1.0,baseline,severe_distortion,high,10000
D_cost_aware,Yes,500,0.13,50826.49,571680.38,6796.73,12500.0,590977.11,1.0,baseline,severe_distortion,low,500
C_expected_exposure,Yes,1000,0.155,90509.11,561473.79,13831.33,25000.0,600305.12,1.0,baseline,severe_distortion,low,1000
C_expected_exposure,Yes,2000,0.136,134096.2,504725.9,28119.05,50000.0,582844.95,1.0,baseline,severe_distortion,low,2000
D_cost_aware,Yes,5000,0.1428,225846.02,422638.92,68404.64,125000.0,616043.56,1.0,baseline,severe_distortion,low,5000
C_expected_exposure,Yes,10000,0.124,284874.02,358404.51,142860.82,250000.0,751265.32,1.0,baseline,severe_distortion,low,10000
C_expected_exposure,Yes,500,0.456,186619.43,926451.32,11509.26,12500.0,950460.58,1.0,high,calibrated,baseline,500
C_expected_exposure,Yes,1000,0.435,261674.4,865160.11,24524.76,25000.0,914684.87,1.0,high,calibrated,baseline,1000
D_cost_aware,Yes,2000,0.3965,331722.16,730914.85,48129.36,50000.0,829044.21,1.0,high,calibrated,baseline,2000
D_cost_aware,Yes,5000,0.363,538427.66,575983.23,123033.44,125000.0,824016.67,1.0,high,calibrated,baseline,5000
D_cost_aware,Yes,10000,0.3084,622365.16,433300.63,251494.97,250000.0,934795.61,1.0,high,calibrated,baseline,10000
D_cost_aware,Yes,500,0.504,162089.5,945827.58,27961.8,12500.0,986289.37,1.0,high,calibrated,high,500
D_cost_aware,Yes,1000,0.475,219693.7,858782.73,61493.74,25000.0,945276.47,1.0,high,calibrated,high,1000
D_cost_aware,Yes,2000,0.457,344678.47,786684.67,117643.11,50000.0,954327.79,1.0,high,calibrated,high,2000
D_cost_aware,Yes,5000,0.4066,467241.52,623000.05,290535.85,125000.0,1038535.9,1.0,high,calibrated,high,5000
D_cost_aware,Yes,10000,0.3018,595314.57,529189.7,605442.98,250000.0,1384632.68,1.0,high,calibrated,high,10000
C_expected_exposure,Yes,500,0.434,148065.4,926609.31,4613.2,12500.0,943722.51,1.0,high,calibrated,low,500
C_expected_exposure,Yes,1000,0.417,228359.52,866865.55,9486.92,25000.0,901352.47,1.0,high,calibrated,low,1000
C_expected_exposure,Yes,2000,0.377,360812.14,748732.43,20287.59,50000.0,819020.02,1.0,high,calibrated,low,2000
C_expected_exposure,Yes,5000,0.3292,523513.01,568751.64,54469.63,125000.0,748221.27,1.0,high,calibrated,low,5000
D_cost_aware,Yes,10000,0.3029,713810.01,421162.02,105220.03,250000.0,776382.05,1.0,high,calibrated,low,10000
D_cost_aware,Yes,500,0.334,126109.6,975627.84,14120.05,12500.0,1002247.89,1.0,high,moderate_distortion,baseline,500
C_expected_exposure,Yes,1000,0.291,166874.99,921101.25,31257.88,25000.0,977359.13,1.0,high,moderate_distortion,baseline,1000
C_expected_exposure,Yes,2000,0.284,257885.05,816841.84,61685.71,50000.0,928527.55,1.0,high,moderate_distortion,baseline,2000
D_cost_aware,Yes,5000,0.2792,419935.66,663159.49,144074.44,125000.0,932233.93,1.0,high,moderate_distortion,baseline,5000
D_cost_aware,Yes,10000,0.249,539160.0,528802.33,292746.56,250000.0,1071548.89,1.0,high,moderate_distortion,baseline,10000
C_expected_exposure,Yes,500,0.32,125457.1,979343.44,44170.24,12500.0,1036013.68,1.0,high,moderate_distortion,high,500
D_cost_aware,Yes,1000,0.341,178943.01,895791.93,76910.02,25000.0,997701.96,1.0,high,moderate_distortion,high,1000
C_expected_exposure,Yes,2000,0.3115,290934.83,821521.85,181147.23,50000.0,1052669.08,1.0,high,moderate_distortion,high,2000
D_cost_aware,Yes,5000,0.3158,387638.48,686735.09,386236.98,125000.0,1197972.07,1.0,high,moderate_distortion,high,5000
D_cost_aware,Yes,10000,0.2693,507954.5,570376.92,764186.05,250000.0,1584562.97,1.0,high,moderate_distortion,high,10000
C_expected_exposure,Yes,500,0.316,115825.59,980638.86,5517.53,12500.0,998656.39,1.0,high,moderate_distortion,low,500
C_expected_exposure,Yes,1000,0.278,174724.24,891402.14,11664.56,25000.0,928066.7,1.0,high,moderate_distortion,low,1000
C_expected_exposure,Yes,2000,0.279,249404.87,826174.99,23210.65,50000.0,899385.64,1.0,high,moderate_distortion,low,2000
D_cost_aware,Yes,5000,0.2584,389521.41,643284.14,58398.89,125000.0,826683.04,1.0,high,moderate_distortion,low,5000
C_expected_exposure,Yes,10000,0.2377,576121.79,499244.56,124992.93,250000.0,874237.49,1.0,high,moderate_distortion,low,10000
C_expected_exposure,Yes,500,0.252,106385.03,976138.84,16195.18,12500.0,1004834.01,1.0,high,severe_distortion,baseline,500
C_expected_exposure,Yes,1000,0.208,149710.72,968851.72,34160.75,25000.0,1028012.47,1.0,high,severe_distortion,baseline,1000
D_cost_aware,Yes,2000,0.213,224926.83,902720.12,66424.34,50000.0,1019144.46,1.0,high,severe_distortion,baseline,2000
D_cost_aware,Yes,5000,0.1966,324048.31,728235.25,168151.96,125000.0,1021387.21,1.0,high,severe_distortion,baseline,5000
C_expected_exposure,Yes,10000,0.184,478002.86,589878.91,353729.12,250000.0,1193608.03,1.0,high,severe_distortion,baseline,10000
D_cost_aware,Yes,500,0.238,92335.34,985665.59,45926.67,12500.0,1044092.26,1.0,high,severe_distortion,high,500
D_cost_aware,Yes,1000,0.252,153596.7,947192.61,92965.19,25000.0,1065157.79,1.0,high,severe_distortion,high,1000
D_cost_aware,Yes,2000,0.213,204460.68,882880.67,192459.49,50000.0,1125340.16,1.0,high,severe_distortion,high,2000
D_cost_aware,Yes,5000,0.2146,292953.76,758931.44,477572.93,125000.0,1361504.37,1.0,high,severe_distortion,high,5000
D_cost_aware,Yes,10000,0.2153,433536.85,628559.02,930379.4,250000.0,1808938.42,1.0,high,severe_distortion,high,10000
C_expected_exposure,Yes,500,0.232,101534.48,961527.15,6184.47,12500.0,980211.62,1.0,high,severe_distortion,low,500
D_cost_aware,Yes,1000,0.222,153726.79,909230.75,12287.69,25000.0,946518.44,1.0,high,severe_distortion,low,1000
D_cost_aware,Yes,2000,0.199,199869.72,869020.59,26075.68,50000.0,945096.27,1.0,high,severe_distortion,low,2000
C_expected_exposure,Yes,5000,0.1936,337810.17,728730.62,65595.53,125000.0,919326.15,1.0,high,severe_distortion,low,5000
C_expected_exposure,Yes,10000,0.1885,506968.72,585572.0,131193.91,250000.0,966765.91,1.0,high,severe_distortion,low,10000
D_cost_aware,Yes,500,0.256,55851.36,284052.23,14799.31,12500.0,311351.55,1.0,low,calibrated,baseline,500
D_cost_aware,Yes,1000,0.244,90794.4,269946.29,27833.0,25000.0,322779.29,1.0,low,calibrated,baseline,1000
D_cost_aware,Yes,2000,0.2245,128325.6,238181.41,54600.86,50000.0,342782.28,1.0,low,calibrated,baseline,2000
D_cost_aware,Yes,5000,0.1612,164760.82,185159.75,126871.3,125000.0,437031.05,1.0,low,calibrated,baseline,5000
D_cost_aware,Yes,10000,0.1044,202032.43,165079.36,233454.99,250000.0,648534.35,1.0,low,calibrated,baseline,10000
D_cost_aware,Yes,500,0.314,63471.63,296738.87,35248.16,12500.0,344487.03,1.0,low,calibrated,high,500
D_cost_aware,Yes,1000,0.299,88150.83,285433.49,62292.14,25000.0,372725.62,1.0,low,calibrated,high,1000
D_cost_aware,Yes,2000,0.209,92921.32,254543.08,118626.09,50000.0,423169.17,1.0,low,calibrated,high,2000
D_cost_aware,Yes,5000,0.1126,117738.2,238659.99,293616.54,125000.0,657276.54,1.0,low,calibrated,high,5000
D_cost_aware,Yes,10000,0.0829,153862.72,214493.7,609900.62,250000.0,1074394.31,1.0,low,calibrated,high,10000
D_cost_aware,Yes,500,0.266,59952.03,293533.86,5784.06,12500.0,311817.93,1.0,low,calibrated,low,500
D_cost_aware,Yes,1000,0.239,95390.98,266001.47,11439.68,25000.0,302441.16,1.0,low,calibrated,low,1000
D_cost_aware,Yes,2000,0.228,137537.11,220059.16,22783.63,50000.0,292842.79,1.0,low,calibrated,low,2000
D_cost_aware,Yes,5000,0.1688,182062.25,167132.75,57721.0,125000.0,349853.76,1.0,low,calibrated,low,5000
D_cost_aware,Yes,10000,0.1216,236414.5,118578.09,112601.76,250000.0,481179.86,1.0,low,calibrated,low,10000
C_expected_exposure,Yes,500,0.188,55832.32,292698.18,17208.86,12500.0,322407.04,1.0,low,moderate_distortion,baseline,500
D_cost_aware,Yes,1000,0.186,76002.26,294540.7,32500.54,25000.0,352041.24,1.0,low,moderate_distortion,baseline,1000
D_cost_aware,Yes,2000,0.1615,99899.49,252860.41,65502.54,50000.0,368362.95,1.0,low,moderate_distortion,baseline,2000
D_cost_aware,Yes,5000,0.1298,133053.95,212745.29,160242.07,125000.0,497987.37,1.0,low,moderate_distortion,baseline,5000
D_cost_aware,Yes,10000,0.1005,187958.26,185137.74,284418.45,250000.0,719556.18,1.0,low,moderate_distortion,baseline,10000
D_cost_aware,Yes,500,0.2,38418.39,310056.59,46260.4,12500.0,368816.99,1.0,low,moderate_distortion,high,500
D_cost_aware,Yes,1000,0.191,65732.67,294924.67,88207.15,25000.0,408131.83,1.0,low,moderate_distortion,high,1000
D_cost_aware,Yes,2000,0.17,83211.31,272780.77,173195.74,50000.0,495976.5,1.0,low,moderate_distortion,high,2000
D_cost_aware,Yes,5000,0.1174,105286.03,244269.93,383475.07,125000.0,752745.0,1.0,low,moderate_distortion,high,5000
D_cost_aware,Yes,10000,0.0801,149252.38,210465.34,715392.3,250000.0,1175857.64,1.0,low,moderate_distortion,high,10000
D_cost_aware,Yes,500,0.172,43531.26,299245.09,6578.03,12500.0,318323.12,1.0,low,moderate_distortion,low,500
D_cost_aware,Yes,1000,0.157,67400.72,293125.04,13192.85,25000.0,331317.89,1.0,low,moderate_distortion,low,1000
D_cost_aware,Yes,2000,0.151,92079.01,257039.4,26460.98,50000.0,333500.39,1.0,low,moderate_distortion,low,2000
D_cost_aware,Yes,5000,0.1184,138498.69,195238.81,66240.49,125000.0,386479.3,1.0,low,moderate_distortion,low,5000
D_cost_aware,Yes,10000,0.107,221125.21,160731.13,127773.35,250000.0,538504.48,1.0,low,moderate_distortion,low,10000
D_cost_aware,Yes,500,0.122,35140.84,302700.27,18403.28,12500.0,333603.55,1.0,low,severe_distortion,baseline,500
C_expected_exposure,Yes,1000,0.12,66701.13,301076.43,38263.52,25000.0,364339.95,1.0,low,severe_distortion,baseline,1000
D_cost_aware,Yes,2000,0.091,72309.04,285065.93,76694.91,50000.0,411760.84,1.0,low,severe_distortion,baseline,2000
D_cost_aware,Yes,5000,0.0946,126855.32,242777.07,186803.11,125000.0,554580.18,1.0,low,severe_distortion,baseline,5000
D_cost_aware,Yes,10000,0.0779,149466.94,214807.92,362294.18,250000.0,827102.1,1.0,low,severe_distortion,baseline,10000
D_cost_aware,Yes,500,0.104,31579.07,335813.63,56111.71,12500.0,404425.34,1.0,low,severe_distortion,high,500
D_cost_aware,Yes,1000,0.12,49418.53,295494.1,107032.81,25000.0,427526.91,1.0,low,severe_distortion,high,1000
D_cost_aware,Yes,2000,0.101,58968.26,294013.86,219787.3,50000.0,563801.15,1.0,low,severe_distortion,high,2000
D_cost_aware,Yes,5000,0.1042,106420.32,240480.82,523760.38,125000.0,889241.2,1.0,low,severe_distortion,high,5000
D_cost_aware,Yes,10000,0.0829,147648.25,219493.18,962753.96,250000.0,1432247.14,1.0,low,severe_distortion,high,10000
D_cost_aware,Yes,500,0.106,33349.22,324852.88,7007.44,12500.0,344360.32,1.0,low,severe_distortion,low,500
D_cost_aware,Yes,1000,0.101,55117.59,307853.83,14375.59,25000.0,347229.42,1.0,low,severe_distortion,low,1000
D_cost_aware,Yes,2000,0.0975,73245.92,283633.6,29163.1,50000.0,362796.7,1.0,low,severe_distortion,low,2000
C_expected_exposure,Yes,5000,0.0908,134817.9,228814.17,73393.8,125000.0,427207.97,1.0,low,severe_distortion,low,5000
D_cost_aware,Yes,10000,0.0799,164589.97,198652.18,142337.62,250000.0,590989.8,1.0,low,severe_distortion,low,10000
